LOB,ORDR_TYPE_ID,ORRE,PRDI,LORD,PHRD,RECO,WODI,REAC,JUJO,SWBO,FUCO,MAUP,ORCN,SA_FINAL,CUST_ORDR_NO,CUST_ORDR_NO,CUST_ORDR_NO,ORDR_TYPE_ID,ORDR_TYPE_ID,ORDR_TYPE_ID,WAITING_NUM,WAITING_NUM,WAITING_NUM,Label
,,,,,,,,,,,,,,,cnt,max,min,cnt,max,min,cnt,max,min,
INTERNET,O1,ORRE_2_OKEY,NONE_NONE_NONE,NONE_NONE_NONE,NONE_NONE_NONE,NONE_NONE_NONE,NONE_NONE_NONE,NONE_NONE_NONE,NONE_NONE_NONE,NONE_NONE_NONE,NONE_NONE_NONE,NONE_NONE_NONE,NONE_NONE_NONE,NONE,1,20260HB3405119N,20260HB3405119N,1,O1,O1,1,0,0,"['D0003', 'D0002', 'DI001']"
IPTV,VE,ORRE_2_OKEY,PRDI_2_OKEY,LORD_2_OKEY,NONE_NONE_NONE,NONE_NONE_NONE,NONE_NONE_NONE,NONE_NONE_NONE,NONE_NONE_NONE,NONE_NONE_NONE,NONE_NONE_NONE,MAUP_3_MAUP534,NONE_NONE_NONE,LIDA_ST-LMEN_ST,1,20262FU350764AN,20262FU350764AN,1,VE,VE,1,1,1,['E0001']
IPTV,VE,ORRE_2_OKEY,PRDI_2_OKEY,LORD_2_OKEY,NONE_NONE_NONE,NONE_NONE_NONE,WODI_2_OKEY,NONE_NONE_NONE,NONE_NONE_NONE,NONE_NONE_NONE,FUCO_2_OKEY,MAUP_3_MAUP534,NONE_NONE_NONE,LIDA_ST,1,20260EM274497AN,20260EM274497AN,1,VE,VE,1,1,1,"['E0001', 'S0005']"
IPTV,VE,ORRE_2_OKEY,PRDI_2_OKEY,LORD_2_OKEY,NONE_NONE_NONE,NONE_NONE_NONE,WODI_2_OKEY,REAC_2_OKEY,NONE_NONE_NONE,NONE_NONE_NONE,FUCO_2_OKEY,MAUP_3_MAUP534,NONE_NONE_NONE,LIDA_ST-LMEN_MENE0005,1,20232GY459633AN,20232GY459633AN,1,VE,VE,1,1,1,"['E0001', 'S0005']"
IPTV,VE,ORRE_2_OKEY,PRDI_2_OKEY,LORD_2_OKEY,NONE_NONE_NONE,NONE_NONE_NONE,WODI_2_OKEY,REAC_2_OKEY,NONE_NONE_NONE,NONE_NONE_NONE,FUCO_2_OKEY,MAUP_3_MAUP534,NONE_NONE_NONE,LIDA_ST-LMEN_ST,1,20147FS536625AN,20147FS536625AN,1,VE,VE,1,1,1,['E0001']
IPTV,VE,ORRE_2_OKEY,PRDI_2_OKEY,LORD_2_OKEY,NONE_NONE_NONE,NONE_NONE_NONE,WODI_2_OKEY,REAC_2_OKEY,NONE_NONE_NONE,NONE_NONE_NONE,FUCO_2_OKEY,MAUP_3_MAUP536,NONE_NONE_NONE,LIDA_ST-LMEN_MENE0005,1,20260GB338692AN,20260GB338692AN,1,VE,VE,1,1,1,"['E0001', 'S0005']"
IPTV,VE,ORRE_2_OKEY,PRDI_2_OKEY,LORD_2_OKEY,NONE_NONE_NONE,NONE_NONE_NONE,WODI_2_OKEY,REAC_2_OKEY,NONE_NONE_NONE,NONE_NONE_NONE,FUCO_3_FUCO117,NONE_NONE_NONE,NONE_NONE_NONE,LIDA_ST-LMEN_ST,1,20085MT009547AN,20085MT009547AN,1,VE,VE,1,1,1,['E0002']
SOIP,SC,ORRE_2_OKEY,PRDI_2_OKEY,LORD_2_OKEY,NONE_NONE_NONE,NONE_NONE_NONE,NONE_NONE_NONE,NONE_NONE_NONE,NONE_NONE_NONE,NONE_NONE_NONE,NONE_NONE_NONE,NONE_NONE_NONE,NONE_NONE_NONE,LIDA_ST,1,20262FU3507659N,20262FU3507659N,1,SC,SC,1,0,0,['S0003']
IPTV,VF,ORRE_2_OKEY,PRDI_2_OKEY,LORD_2_OKEY,NONE_NONE_NONE,NONE_NONE_NONE,NONE_NONE_NONE,NONE_NONE_NONE,NONE_NONE_NONE,NONE_NONE_NONE,NONE_NONE_NONE,MAUP_2_OKEY,ORCN_2_OKEY,LIDA_ST,1,20262DY348585AN,20262DY348585AN,1,VF,VF,1,0,0,"['N001', 'S0005']"
IPTV,VF,ORRE_2_OKEY,PRDI_2_OKEY,LORD_3_LORD700,NONE_NONE_NONE,NONE_NONE_NONE,NONE_NONE_NONE,NONE_NONE_NONE,NONE_NONE_NONE,NONE_NONE_NONE,NONE_NONE_NONE,NONE_NONE_NONE,NONE_NONE_NONE,LIDA_ST,1,202611H3416809N,202611H3416809N,1,VF,VF,1,1,1,['E0006']
SOIP,SC,ORRE_2_OKEY,PRDI_2_OKEY,LORD_2_OKEY,NONE_NONE_NONE,NONE_NONE_NONE,NONE_NONE_NONE,NONE_NONE_NONE,NONE_NONE_NONE,NONE_NONE_NONE,NONE_NONE_NONE,MAUP_2_OKEY,ORCN_2_OKEY,LBCS_CP-LNOD_CP,1,20262DK3484489N,20262DK3484489N,1,SC,SC,1,0,0,['N001']
SOIP,SC,ORRE_2_OKEY,PRDI_0_OKEY,NONE_NONE_NONE,NONE_NONE_NONE,NONE_NONE_NONE,NONE_NONE_NONE,NONE_NONE_NONE,NONE_NONE_NONE,NONE_NONE_NONE,NONE_NONE_NONE,NONE_NONE_NONE,NONE_NONE_NONE,LIDA_ST,1,20265760960029N,20265760960029N,1,SC,SC,1,1,1,['N010']
IPTV,VI,ORRE_2_OKEY,PRDI_2_OKEY,LORD_2_OKEY,NONE_NONE_NONE,NONE_NONE_NONE,WODI_2_OKEY,NONE_NONE_NONE,NONE_NONE_NONE,NONE_NONE_NONE,FUCO_2_OKEY,MAUP_2_OKEY,ORCN_2_OKEY,LIDA_ST-LMEN_ST,1,20258FP3150419N,20258FP3150419N,1,VI,VI,1,0,0,['N001']
IPTV,VC,ORRE_2_OKEY,PRDI_2_OKEY,LORD_2_OKEY,NONE_NONE_NONE,NONE_NONE_NONE,WODI_2_OKEY,REAC_2_OKEY,NONE_NONE_NONE,NONE_NONE_NONE,FUCO_2_OKEY,MAUP_2_OKEY,ORCN_2_OKEY,LIDA_ST-LMEN_ST,1,20262DR3484819N,20262DR3484819N,1,VC,VC,1,0,0,['N001']
IPTV,VI,ORRE_2_OKEY,PRDI_2_OKEY,LORD_2_OKEY,NONE_NONE_NONE,NONE_NONE_NONE,WODI_6_OKEY,REAC_2_OKEY,NONE_NONE_NONE,NONE_NONE_NONE,FUCO_0_OKEY,NONE_NONE_NONE,NONE_NONE_NONE,LIDA_ST-LMEN_ST,1,20258GA3150819N,20258GA3150819N,1,VI,VI,1,2,2,"['N007', 'N003']"
IPTV,VT,ORRE_2_OKEY,PRDI_2_OKEY,LORD_2_OKEY,NONE_NONE_NONE,NONE_NONE_NONE,WODI_6_OKEY,NONE_NONE_NONE,NONE_NONE_NONE,NONE_NONE_NONE,FUCO_0_OKEY,NONE_NONE_NONE,NONE_NONE_NONE,LIDA_ST-LMEN_MENE0005,1,20258FS3150549N,20258FS3150549N,1,VT,VT,1,2,2,"['N007', 'N003']"
PSTN,A1,ORRE_2_OKEY,PRDI_2_OKEY,LORD_2_OKEY,NONE_NONE_NONE,NONE_NONE_NONE,NONE_NONE_NONE,NONE_NONE_NONE,NONE_NONE_NONE,SWBO_0_OKEY,NONE_NONE_NONE,MAUP_2_OKEY,NONE_NONE_NONE,NONE,1,20262FT53529191,20262FT53529191,1,A1,A1,1,1,1,['N002']
PSTN,A1,ORRE_2_OKEY,PRDI_2_OKEY,LORD_2_OKEY,PHRD_2_OKEY,NONE_NONE_NONE,NONE_NONE_NONE,REAC_2_OKEY,JUJO_2_OKEY,NONE_NONE_NONE,NONE_NONE_NONE,MAUP_2_OKEY,ORCN_2_OKEY,NONE,1,20262EH53528091,20262EH53528091,1,A1,A1,1,0,0,['N001']
PSTN,A1,ORRE_2_OKEY,PRDI_2_OKEY,LORD_2_OKEY,PHRD_2_OKEY,NONE_NONE_NONE,NONE_NONE_NONE,REAC_6_OKEY,NONE_NONE_NONE,NONE_NONE_NONE,NONE_NONE_NONE,NONE_NONE_NONE,NONE_NONE_NONE,NONE,1,20251EX26262091,20251EX26262091,1,A1,A1,1,1,1,['N005']
PSTN,A1,ORRE_2_OKEY,PRDI_2_OKEY,LORD_3_LORD600,NONE_NONE_NONE,NONE_NONE_NONE,NONE_NONE_NONE,NONE_NONE_NONE,NONE_NONE_NONE,NONE_NONE_NONE,NONE_NONE_NONE,NONE_NONE_NONE,NONE_NONE_NONE,NONE,1,20262EY53528191,20262EY53528191,1,A1,A1,1,1,1,['E0006']
PSTN,A2,ORRE_2_OKEY,PRDI_2_OKEY,LORD_2_OKEY,NONE_NONE_NONE,NONE_NONE_NONE,NONE_NONE_NONE,NONE_NONE_NONE,NONE_NONE_NONE,SWBO_0_OKEY,NONE_NONE_NONE,MAUP_2_OKEY,NONE_NONE_NONE,NONE,1,20262GD53530091,20262GD53530091,1,A2,A2,1,1,1,['N002']
PSTN,B1,ORRE_2_OKEY,PRDI_2_OKEY,LORD_2_OKEY,NONE_NONE_NONE,NONE_NONE_NONE,NONE_NONE_NONE,NONE_NONE_NONE,NONE_NONE_NONE,NONE_NONE_NONE,NONE_NONE_NONE,MAUP_2_OKEY,ORCN_2_OKEY,LNOD_CP,1,202629K53525991,202629K53525991,1,B1,B1,1,0,0,['N001']
PSTN,B1,ORRE_2_OKEY,PRDI_2_OKEY,LORD_2_OKEY,NONE_NONE_NONE,RECO_2_OKEY,WODI_2_OKEY,NONE_NONE_NONE,NONE_NONE_NONE,NONE_NONE_NONE,NONE_NONE_NONE,NONE_NONE_NONE,NONE_NONE_NONE,NONE,1,14129G007399991,14129G007399991,1,B1,B1,1,0,0,['D0003']
PSTN,B1,ORRE_2_OKEY,PRDI_2_OKEY,LORD_2_OKEY,PHRD_2_OKEY,RECO_2_OKEY,WODI_2_OKEY,REAC_2_OKEY,JUJO_2_OKEY,NONE_NONE_NONE,FUCO_2_OKEY,MAUP_2_OKEY,ORCN_2_OKEY,NONE,1,20262EH53528091,20262EH53528091,1,B1,B1,1,0,0,['N001']
PSTN,B1,ORRE_2_OKEY,PRDI_2_OKEY,LORD_2_OKEY,PHRD_2_OKEY,RECO_7_OKEY,WODI_7_OKEY,NONE_NONE_NONE,NONE_NONE_NONE,NONE_NONE_NONE,NONE_NONE_NONE,NONE_NONE_NONE,NONE_NONE_NONE,NONE,1,14177A408541391,14177A408541391,1,B1,B1,1,0,0,['D0003']
PSTN,B1,ORRE_2_OKEY,PRDI_2_OKEY,LORD_3_LORD997,NONE_NONE_NONE,NONE_NONE_NONE,NONE_NONE_NONE,NONE_NONE_NONE,NONE_NONE_NONE,NONE_NONE_NONE,NONE_NONE_NONE,NONE_NONE_NONE,NONE_NONE_NONE,NONE,1,17209HJ86099491,17209HJ86099491,1,B1,B1,1,1,1,['E0006']
PSTN,B3,ORRE_2_OKEY,PRDI_2_OKEY,LORD_2_OKEY,NONE_NONE_NONE,NONE_NONE_NONE,NONE_NONE_NONE,NONE_NONE_NONE,NONE_NONE_NONE,SWBO_0_OKEY,NONE_NONE_NONE,MAUP_2_OKEY,NONE_NONE_NONE,NONE,1,20262GD53530091,20262GD53530091,1,B3,B3,1,1,1,['N002']
IPTV,VT,ORRE_2_OKEY,PRDI_0_OKEY,NONE_NONE_NONE,NONE_NONE_NONE,NONE_NONE_NONE,NONE_NONE_NONE,NONE_NONE_NONE,NONE_NONE_NONE,NONE_NONE_NONE,NONE_NONE_NONE,NONE_NONE_NONE,NONE_NONE_NONE,LIDA_ST,1,20262G13507919N,20262G13507919N,1,VT,VT,1,1,1,['N010']
IPTV,VB,ORRE_2_OKEY,PRDI_2_OKEY,LORD_2_OKEY,NONE_NONE_NONE,NONE_NONE_NONE,WODI_2_OKEY,NONE_NONE_NONE,NONE_NONE_NONE,NONE_NONE_NONE,NONE_NONE_NONE,MAUP_2_OKEY,ORCN_2_OKEY,LIDA_ST-LMEN_ST,1,20258FO3150319N,20258FO3150319N,1,VB,VB,1,0,0,['N001']
IPTV,VB,ORRE_2_OKEY,PRDI_2_OKEY,LORD_2_OKEY,NONE_NONE_NONE,NONE_NONE_NONE,NONE_NONE_NONE,NONE_NONE_NONE,NONE_NONE_NONE,NONE_NONE_NONE,NONE_NONE_NONE,MAUP_2_OKEY,ORCN_2_OKEY,LIDA_ST-LMEN_ST,1,20262EF3486259N,20262EF3486259N,1,VB,VB,1,0,0,['N001']
SOIP,SC,ORRE_2_OKEY,PRDI_2_OKEY,LORD_2_OKEY,NONE_NONE_NONE,NONE_NONE_NONE,WODI_2_OKEY,NONE_NONE_NONE,NONE_NONE_NONE,NONE_NONE_NONE,FUCO_2_OKEY,MAUP_2_OKEY,ORCN_2_OKEY,LIDA_ST,1,20262DF3477889N,20262DF3477889N,1,SC,SC,1,0,0,"['N001', 'S0003']"
SOIP,SI,ORRE_2_OKEY,NONE_NONE_NONE,LORD_2_OKEY,NONE_NONE_NONE,NONE_NONE_NONE,NONE_NONE_NONE,NONE_NONE_NONE,NONE_NONE_NONE,NONE_NONE_NONE,NONE_NONE_NONE,NONE_NONE_NONE,NONE_NONE_NONE,LIDA_ST,1,20262G53507999N,20262G53507999N,1,SI,SI,1,0,0,['S0003']
IPTV,V1,ORRE_2_OKEY,PRDI_0_OKEY,NONE_NONE_NONE,NONE_NONE_NONE,NONE_NONE_NONE,NONE_NONE_NONE,NONE_NONE_NONE,NONE_NONE_NONE,NONE_NONE_NONE,NONE_NONE_NONE,NONE_NONE_NONE,NONE_NONE_NONE,NONE,1,20260HB3405089N,20260HB3405089N,1,V1,V1,1,1,1,['N010']
IPTV,V1,ORRE_2_OKEY,PRDI_2_OKEY,LORD_2_OKEY,NONE_NONE_NONE,NONE_NONE_NONE,NONE_NONE_NONE,NONE_NONE_NONE,NONE_NONE_NONE,NONE_NONE_NONE,NONE_NONE_NONE,MAUP_3_MAUP998,NONE_NONE_NONE,NONE,1,20260EG1865119N,20260EG1865119N,1,V1,V1,1,1,1,"['E0001', 'S0005']"
SOIP,SI,ORRE_2_OKEY,NONE_NONE_NONE,LORD_2_OKEY,NONE_NONE_NONE,NONE_NONE_NONE,NONE_NONE_NONE,NONE_NONE_NONE,NONE_NONE_NONE,NONE_NONE_NONE,NONE_NONE_NONE,NONE_NONE_NONE,NONE_NONE_NONE,LBCS_ST-LNOD_ST,1,20258E75909169N,20258E75909169N,1,SI,SI,1,0,0,['S0001']
IPTV,V1,ORRE_2_OKEY,PRDI_2_OKEY,LORD_3_LORD074,NONE_NONE_NONE,NONE_NONE_NONE,NONE_NONE_NONE,NONE_NONE_NONE,NONE_NONE_NONE,NONE_NONE_NONE,NONE_NONE_NONE,NONE_NONE_NONE,NONE_NONE_NONE,LIDA_ST-LMEN_MENE0005,1,20260H93404179N,20260H93404179N,1,V1,V1,1,1,1,['E0006']
IPTV,V1,ORRE_2_OKEY,PRDI_2_OKEY,LORD_3_LORD700,NONE_NONE_NONE,NONE_NONE_NONE,NONE_NONE_NONE,NONE_NONE_NONE,NONE_NONE_NONE,NONE_NONE_NONE,NONE_NONE_NONE,NONE_NONE_NONE,NONE_NONE_NONE,LIDA_ST-LMEN_MENE0005,1,20259DO3168479N,20259DO3168479N,1,V1,V1,1,1,1,['E0006']
IPTV,V2,ORRE_2_OKEY,PRDI_2_OKEY,LORD_3_LORD700,NONE_NONE_NONE,NONE_NONE_NONE,NONE_NONE_NONE,NONE_NONE_NONE,NONE_NONE_NONE,NONE_NONE_NONE,NONE_NONE_NONE,NONE_NONE_NONE,NONE_NONE_NONE,LIDA_ST-LMEN_MENE0005,1,20259DO3168509N,20259DO3168509N,1,V2,V2,1,1,1,['E0006']
IPTV,VA,ORRE_2_OKEY,NONE_NONE_NONE,LORD_2_OKEY,NONE_NONE_NONE,NONE_NONE_NONE,WODI_6_OKEY,REAC_2_OKEY,NONE_NONE_NONE,NONE_NONE_NONE,FUCO_0_OKEY,NONE_NONE_NONE,NONE_NONE_NONE,LIDA_ST-LMEN_ST,1,202589J3139359N,202589J3139359N,1,VA,VA,1,2,2,"['N007', 'N003']"
IPTV,VA,ORRE_2_OKEY,PRDI_0_OKEY,LORD_2_OKEY,NONE_NONE_NONE,NONE_NONE_NONE,WODI_6_OKEY,REAC_2_OKEY,NONE_NONE_NONE,NONE_NONE_NONE,FUCO_0_OKEY,NONE_NONE_NONE,NONE_NONE_NONE,LIDA_CP,1,19156HM6553609N,19156HM6553609N,1,VA,VA,1,3,3,"['N003', 'N010', 'N007']"
SOIP,SC,ORRE_2_OKEY,PRDI_2_OKEY,LORD_3_LORD700,NONE_NONE_NONE,NONE_NONE_NONE,NONE_NONE_NONE,NONE_NONE_NONE,NONE_NONE_NONE,NONE_NONE_NONE,NONE_NONE_NONE,NONE_NONE_NONE,NONE_NONE_NONE,LBCS_ST,1,202580V5908419N,202580V5908419N,1,SC,SC,1,1,1,['E0006']
IPTV,VA,ORRE_2_OKEY,PRDI_2_OKEY,LORD_2_OKEY,NONE_NONE_NONE,NONE_NONE_NONE,NONE_NONE_NONE,NONE_NONE_NONE,NONE_NONE_NONE,NONE_NONE_NONE,NONE_NONE_NONE,MAUP_2_OKEY,ORCN_2_OKEY,LIDA_ST-LMEN_ST,1,20262AE3473389N,20262AE3473389N,1,VA,VA,1,0,0,['N001']
IPTV,VA,ORRE_2_OKEY,PRDI_2_OKEY,LORD_2_OKEY,NONE_NONE_NONE,NONE_NONE_NONE,NONE_NONE_NONE,REAC_3_REAC044,NONE_NONE_NONE,NONE_NONE_NONE,NONE_NONE_NONE,NONE_NONE_NONE,NONE_NONE_NONE,LIDA_ST,1,19261DU3687569N,19261DU3687569N,1,VA,VA,1,1,1,"['S0005', 'E0003']"
IPTV,VA,ORRE_2_OKEY,PRDI_2_OKEY,LORD_2_OKEY,NONE_NONE_NONE,NONE_NONE_NONE,WODI_2_OKEY,REAC_2_OKEY,NONE_NONE_NONE,NONE_NONE_NONE,FUCO_2_OKEY,MAUP_2_OKEY,ORCN_2_OKEY,LIDA_ST,1,19267GW8787929N,19267GW8787929N,1,VA,VA,1,0,0,"['N001', 'S0005']"
IPTV,VA,ORRE_2_OKEY,PRDI_2_OKEY,LORD_2_OKEY,NONE_NONE_NONE,NONE_NONE_NONE,WODI_2_OKEY,REAC_2_OKEY,NONE_NONE_NONE,NONE_NONE_NONE,FUCO_2_OKEY,MAUP_3_MAUP506,NONE_NONE_NONE,LIDA_ST-LMEN_ST,1,20206EY3474149N,20206EY3474149N,1,VA,VA,1,1,1,['E0001']
IPTV,VA,ORRE_2_OKEY,PRDI_2_OKEY,LORD_2_OKEY,NONE_NONE_NONE,NONE_NONE_NONE,WODI_2_OKEY,REAC_2_OKEY,NONE_NONE_NONE,NONE_NONE_NONE,FUCO_2_OKEY,NONE_NONE_NONE,NONE_NONE_NONE,LIDA_ST-LMEN_MENE0004,1,20184M56083369N,20184M56083369N,1,VA,VA,1,0,0,['S0005']
IPTV,VA,ORRE_2_OKEY,PRDI_2_OKEY,LORD_2_OKEY,NONE_NONE_NONE,NONE_NONE_NONE,WODI_2_OKEY,REAC_2_OKEY,NONE_NONE_NONE,NONE_NONE_NONE,FUCO_3_FUCO117,NONE_NONE_NONE,NONE_NONE_NONE,LIDA_ST-LMEN_ST,1,20232EE4593959N,20232EE4593959N,1,VA,VA,1,1,1,['E0002']
IPTV,VA,ORRE_2_OKEY,PRDI_2_OKEY,LORD_2_OKEY,NONE_NONE_NONE,NONE_NONE_NONE,WODI_2_OKEY,REAC_3_REAC044,NONE_NONE_NONE,NONE_NONE_NONE,NONE_NONE_NONE,NONE_NONE_NONE,NONE_NONE_NONE,LIDA_ST-LMEN_MENE0004,1,SUSPDAIPTV80280,SUSPDAIPTV80280,1,VA,VA,1,1,1,"['S0005', 'E0003']"
IPTV,VA,ORRE_2_OKEY,PRDI_2_OKEY,LORD_2_OKEY,NONE_NONE_NONE,NONE_NONE_NONE,WODI_5_OKEY,REAC_2_OKEY,NONE_NONE_NONE,NONE_NONE_NONE,FUCO_2_OKEY,MAUP_3_MAUP534,NONE_NONE_NONE,LIDA_ST-LMEN_ST,1,20227BB4191659N,20227BB4191659N,1,VA,VA,1,2,2,"['EP001', 'E0001']"
IPTV,VA,ORRE_2_OKEY,PRDI_2_OKEY,LORD_2_OKEY,NONE_NONE_NONE,NONE_NONE_NONE,WODI_5_OKEY,REAC_3_REAC044,NONE_NONE_NONE,NONE_NONE_NONE,NONE_NONE_NONE,NONE_NONE_NONE,NONE_NONE_NONE,LIDA_ST-LMEN_MENE0004,1,SUSPDAIPTV80021,SUSPDAIPTV80021,1,VA,VA,1,2,2,"['EP001', 'E0003']"
IPTV,VA,ORRE_2_OKEY,PRDI_2_OKEY,LORD_2_OKEY,NONE_NONE_NONE,NONE_NONE_NONE,WODI_6_OKEY,NONE_NONE_NONE,NONE_NONE_NONE,NONE_NONE_NONE,FUCO_0_OKEY,NONE_NONE_NONE,NONE_NONE_NONE,LIDA_ST,1,202610X3416739N,202610X3416739N,1,VA,VA,1,2,2,"['N007', 'N003']"
IPTV,VA,ORRE_2_OKEY,PRDI_2_OKEY,LORD_2_OKEY,NONE_NONE_NONE,NONE_NONE_NONE,WODI_6_OKEY,REAC_2_OKEY,NONE_NONE_NONE,NONE_NONE_NONE,FUCO_0_OKEY,NONE_NONE_NONE,NONE_NONE_NONE,LIDA_ST,1,19051GC4121449N,19051GC4121449N,1,VA,VA,1,2,2,"['N007', 'N003']"
IPTV,VA,ORRE_2_OKEY,PRDI_2_OKEY,LORD_2_OKEY,NONE_NONE_NONE,NONE_NONE_NONE,WODI_6_OKEY,REAC_2_OKEY,NONE_NONE_NONE,NONE_NONE_NONE,FUCO_0_OKEY,NONE_NONE_NONE,NONE_NONE_NONE,LIDA_ST-LMEN_MENE0005,1,20266AN4001289N,20266AN4001289N,1,VA,VA,1,2,2,"['N007', 'N003']"
SOIP,SC,ORRE_2_OKEY,PRDI_2_OKEY,LORD_2_OKEY,NONE_NONE_NONE,NONE_NONE_NONE,WODI_6_OKEY,NONE_NONE_NONE,NONE_NONE_NONE,NONE_NONE_NONE,FUCO_0_OKEY,NONE_NONE_NONE,NONE_NONE_NONE,LBCS_ST,1,20265AB1888209N,20265AB1888209N,1,SC,SC,1,2,2,"['N007', 'N003']"
IPTV,VA,ORRE_2_OKEY,PRDI_2_OKEY,LORD_2_OKEY,NONE_NONE_NONE,NONE_NONE_NONE,WODI_6_OKEY,REAC_6_OKEY,NONE_NONE_NONE,NONE_NONE_NONE,NONE_NONE_NONE,NONE_NONE_NONE,NONE_NONE_NONE,LIDA_ST,1,20147IG5377449N,20147IG5377449N,1,VA,VA,1,2,2,"['N005', 'N007']"
IPTV,VA,ORRE_2_OKEY,PRDI_2_OKEY,LORD_3_LORD600,NONE_NONE_NONE,NONE_NONE_NONE,NONE_NONE_NONE,NONE_NONE_NONE,NONE_NONE_NONE,NONE_NONE_NONE,NONE_NONE_NONE,NONE_NONE_NONE,NONE_NONE_NONE,LIDA_ST-LMEN_ST,1,20260AP3190009N,20260AP3190009N,1,VA,VA,1,1,1,['E0006']
IPTV,VA,ORRE_2_OKEY,PRDI_2_OKEY,LORD_3_LORD997,NONE_NONE_NONE,NONE_NONE_NONE,NONE_NONE_NONE,NONE_NONE_NONE,NONE_NONE_NONE,NONE_NONE_NONE,NONE_NONE_NONE,NONE_NONE_NONE,NONE_NONE_NONE,LIDA_ST-LMEN_ST,1,20260AL3189769N,20260AL3189769N,1,VA,VA,1,1,1,['E0006']
IPTV,VA,ORRE_2_OKEY,PRDI_2_OKEY,LORD_3_LORD997,NONE_NONE_NONE,NONE_NONE_NONE,WODI_2_OKEY,REAC_2_OKEY,NONE_NONE_NONE,NONE_NONE_NONE,FUCO_0_OKEY,NONE_NONE_NONE,NONE_NONE_NONE,LIDA_ST-LMEN_MENE0004,1,SUSPDAIPTV40601,SUSPDAIPTV40601,1,VA,VA,1,2,2,"['E0006', 'N003']"
PSTN,B3,ORRE_2_OKEY,PRDI_2_OKEY,LORD_2_OKEY,NONE_NONE_NONE,NONE_NONE_NONE,NONE_NONE_NONE,NONE_NONE_NONE,NONE_NONE_NONE,SWBO_2_OKEY,NONE_NONE_NONE,MAUP_2_OKEY,ORCN_2_OKEY,NONE,1,202629S53526091,202629S53526091,1,B3,B3,1,0,0,['N001']
IOT,UI,ORRE_2_OKEY,PRDI_2_OKEY,NONE_NONE_NONE,NONE_NONE_NONE,NONE_NONE_NONE,NONE_NONE_NONE,NONE_NONE_NONE,NONE_NONE_NONE,NONE_NONE_NONE,NONE_NONE_NONE,NONE_NONE_NONE,NONE_NONE_NONE,LIDA_ST,1,20247BJ6202889N,20247BJ6202889N,1,UI,UI,1,0,0,['DS001']
PSTN,B3,ORRE_2_OKEY,PRDI_2_OKEY,LORD_2_OKEY,PHRD_2_OKEY,RECO_0_OKEY,WODI_2_OKEY,NONE_NONE_NONE,NONE_NONE_NONE,NONE_NONE_NONE,NONE_NONE_NONE,NONE_NONE_NONE,NONE_NONE_NONE,NONE,1,201929I55088891,201929I55088891,1,B3,B3,1,1,1,['N006']
PSTN,C1,ORRE_2_OKEY,PRDI_2_OKEY,LORD_2_OKEY,NONE_NONE_NONE,RECO_2_OKEY,WODI_2_OKEY,REAC_2_OKEY,JUJO_2_OKEY,NONE_NONE_NONE,FUCO_2_OKEY,MAUP_2_OKEY,ORCN_2_OKEY,NONE,1,20262DT535274A1,20262DT535274A1,1,C1,C1,1,0,0,['N001']
SOIP,S2,ORRE_2_OKEY,PRDI_0_OKEY,NONE_NONE_NONE,NONE_NONE_NONE,NONE_NONE_NONE,NONE_NONE_NONE,NONE_NONE_NONE,NONE_NONE_NONE,NONE_NONE_NONE,NONE_NONE_NONE,NONE_NONE_NONE,NONE_NONE_NONE,LBCS_ST-LNOD_ST,1,202629M3471399N,202629M3471399N,1,S2,S2,1,1,1,['N010']
SOIP,S2,ORRE_2_OKEY,PRDI_2_OKEY,LORD_2_OKEY,NONE_NONE_NONE,NONE_NONE_NONE,NONE_NONE_NONE,NONE_NONE_NONE,NONE_NONE_NONE,NONE_NONE_NONE,NONE_NONE_NONE,MAUP_1_OKEY,NONE_NONE_NONE,LIDA_ST,1,202539M2280299N,202539M2280299N,1,S2,S2,1,0,0,['NONE']
SOIP,S2,ORRE_2_OKEY,PRDI_2_OKEY,LORD_2_OKEY,NONE_NONE_NONE,NONE_NONE_NONE,NONE_NONE_NONE,NONE_NONE_NONE,NONE_NONE_NONE,NONE_NONE_NONE,NONE_NONE_NONE,MAUP_2_OKEY,ORCN_2_OKEY,LBCS_CP-LNOD_CP,1,20262EF3486299N,20262EF3486299N,1,S2,S2,1,0,0,['N001']
SOIP,S2,ORRE_2_OKEY,PRDI_2_OKEY,LORD_3_LORD700,NONE_NONE_NONE,NONE_NONE_NONE,NONE_NONE_NONE,NONE_NONE_NONE,NONE_NONE_NONE,NONE_NONE_NONE,NONE_NONE_NONE,NONE_NONE_NONE,NONE_NONE_NONE,LBCS_ST-LNOD_ST,1,20262HT3513699N,20262HT3513699N,1,S2,S2,1,1,1,['E0006']
SOIP,S2,ORRE_2_OKEY,PRDI_2_OKEY,NONE_NONE_NONE,NONE_NONE_NONE,NONE_NONE_NONE,NONE_NONE_NONE,NONE_NONE_NONE,NONE_NONE_NONE,NONE_NONE_NONE,NONE_NONE_NONE,NONE_NONE_NONE,NONE_NONE_NONE,LIDA_ST,1,202479L6199989N,202479L6199989N,1,S2,S2,1,0,0,['DS001']
SOIP,SA,ORRE_2_OKEY,NONE_NONE_NONE,LORD_2_OKEY,NONE_NONE_NONE,NONE_NONE_NONE,NONE_NONE_NONE,NONE_NONE_NONE,NONE_NONE_NONE,NONE_NONE_NONE,NONE_NONE_NONE,MAUP_3_MAUP904,NONE_NONE_NONE,LIDA_ST,1,202588S5908439N,202588S5908439N,1,SA,SA,1,1,1,['E0001']
SOIP,SA,ORRE_2_OKEY,PRDI_0_OKEY,NONE_NONE_NONE,NONE_NONE_NONE,NONE_NONE_NONE,NONE_NONE_NONE,NONE_NONE_NONE,NONE_NONE_NONE,NONE_NONE_NONE,NONE_NONE_NONE,NONE_NONE_NONE,NONE_NONE_NONE,LBCS_CP-LNOD_ST,1,20247DN5888639N,20247DN5888639N,1,SA,SA,1,1,1,['N010']
SOIP,SB,ORRE_2_OKEY,PRDI_2_OKEY,LORD_3_LORD700,NONE_NONE_NONE,NONE_NONE_NONE,NONE_NONE_NONE,NONE_NONE_NONE,NONE_NONE_NONE,NONE_NONE_NONE,NONE_NONE_NONE,MAUP_2_OKEY,ORCN_2_OKEY,LBCS_CP-LNOD_CP,1,20247AM5888529N,20247AM5888529N,1,SB,SB,1,1,1,"['N001', 'E0006']"
SOIP,SA,ORRE_2_OKEY,PRDI_2_OKEY,LORD_2_OKEY,NONE_NONE_NONE,NONE_NONE_NONE,NONE_NONE_NONE,NONE_NONE_NONE,NONE_NONE_NONE,NONE_NONE_NONE,NONE_NONE_NONE,MAUP_2_OKEY,ORCN_2_OKEY,LBCS_CP-LNOD_CP,1,20262A73473249N,20262A73473249N,1,SA,SA,1,0,0,['N001']
SOIP,SA,ORRE_2_OKEY,PRDI_2_OKEY,LORD_2_OKEY,NONE_NONE_NONE,NONE_NONE_NONE,NONE_NONE_NONE,NONE_NONE_NONE,NONE_NONE_NONE,NONE_NONE_NONE,NONE_NONE_NONE,NONE_NONE_NONE,NONE_NONE_NONE,LNOD_ST,1,20267EU5957949N,20267EU5957949N,1,SA,SA,1,0,0,['S0001']
SOIP,SA,ORRE_2_OKEY,PRDI_2_OKEY,LORD_2_OKEY,NONE_NONE_NONE,NONE_NONE_NONE,NONE_NONE_NONE,NONE_NONE_NONE,NONE_NONE_NONE,NONE_NONE_NONE,NONE_NONE_NONE,NONE_NONE_NONE,NONE_NONE_NONE,NONE,1,20267EG5955419N,20267EG5955419N,1,SA,SA,1,0,0,['D0003']
SOIP,SB,ORRE_2_OKEY,PRDI_2_OKEY,LORD_2_OKEY,NONE_NONE_NONE,NONE_NONE_NONE,NONE_NONE_NONE,NONE_NONE_NONE,NONE_NONE_NONE,NONE_NONE_NONE,NONE_NONE_NONE,NONE_NONE_NONE,NONE_NONE_NONE,LBCS_ST,1,20263K23533099N,20263K23533099N,1,SB,SB,1,0,0,['S0004']
SOIP,SB,ORRE_2_OKEY,PRDI_2_OKEY,LORD_3_LORD997,NONE_NONE_NONE,NONE_NONE_NONE,NONE_NONE_NONE,NONE_NONE_NONE,NONE_NONE_NONE,NONE_NONE_NONE,NONE_NONE_NONE,NONE_NONE_NONE,NONE_NONE_NONE,LBCS_ST-LNOD_ST,1,20259NI5918649N,20259NI5918649N,1,SB,SB,1,1,1,['E0006']
SOIP,SB,ORRE_2_OKEY,PRDI_2_OKEY,LORD_2_OKEY,NONE_NONE_NONE,NONE_NONE_NONE,NONE_NONE_NONE,NONE_NONE_NONE,NONE_NONE_NONE,NONE_NONE_NONE,NONE_NONE_NONE,MAUP_2_OKEY,ORCN_2_OKEY,LIDA_ST,1,20262DM3484589N,20262DM3484589N,1,SB,SB,1,0,0,"['N001', 'S0003']"
SOIP,SB,ORRE_2_OKEY,PRDI_2_OKEY,LORD_2_OKEY,NONE_NONE_NONE,NONE_NONE_NONE,NONE_NONE_NONE,NONE_NONE_NONE,NONE_NONE_NONE,NONE_NONE_NONE,NONE_NONE_NONE,MAUP_2_OKEY,ORCN_2_OKEY,LIDA_CP,1,20262EA3486029N,20262EA3486029N,1,SB,SB,1,0,0,['N001']
SOIP,SA,ORRE_2_OKEY,PRDI_2_OKEY,LORD_2_OKEY,NONE_NONE_NONE,NONE_NONE_NONE,NONE_NONE_NONE,REAC_2_OKEY,NONE_NONE_NONE,NONE_NONE_NONE,NONE_NONE_NONE,NONE_NONE_NONE,NONE_NONE_NONE,LNOD_ST,1,20267EG5955879N,20267EG5955879N,1,SA,SA,1,0,0,['S0001']
SOIP,SA,ORRE_2_OKEY,PRDI_2_OKEY,LORD_2_OKEY,NONE_NONE_NONE,NONE_NONE_NONE,NONE_NONE_NONE,REAC_2_OKEY,NONE_NONE_NONE,NONE_NONE_NONE,NONE_NONE_NONE,NONE_NONE_NONE,NONE_NONE_NONE,NONE,1,202540S5900299N,202540S5900299N,1,SA,SA,1,0,0,['D0003']
SOIP,SA,ORRE_2_OKEY,PRDI_2_OKEY,LORD_2_OKEY,NONE_NONE_NONE,NONE_NONE_NONE,WODI_2_OKEY,REAC_2_OKEY,NONE_NONE_NONE,NONE_NONE_NONE,FUCO_2_OKEY,MAUP_2_OKEY,ORCN_2_OKEY,LIDA_ST,1,20262EA3486029N,20262EA3486029N,1,SA,SA,1,0,0,['N001']
SOIP,SA,ORRE_2_OKEY,PRDI_2_OKEY,LORD_2_OKEY,NONE_NONE_NONE,NONE_NONE_NONE,WODI_2_OKEY,REAC_2_OKEY,NONE_NONE_NONE,NONE_NONE_NONE,FUCO_2_OKEY,MAUP_3_MAUP608,NONE_NONE_NONE,LBCS_ST,1,20189JU9830699N,20189JU9830699N,1,SA,SA,1,1,1,['E0001']
SOIP,SA,ORRE_2_OKEY,PRDI_2_OKEY,LORD_2_OKEY,NONE_NONE_NONE,NONE_NONE_NONE,WODI_2_OKEY,REAC_2_OKEY,NONE_NONE_NONE,NONE_NONE_NONE,FUCO_2_OKEY,MAUP_3_MAUP609,NONE_NONE_NONE,LBCS_ST,1,20238HB2603429N,20238HB2603429N,1,SA,SA,1,1,1,['E0001']
SOIP,SA,ORRE_2_OKEY,PRDI_2_OKEY,LORD_2_OKEY,NONE_NONE_NONE,NONE_NONE_NONE,WODI_5_OKEY,REAC_2_OKEY,NONE_NONE_NONE,NONE_NONE_NONE,FUCO_2_OKEY,MAUP_2_OKEY,ORCN_2_OKEY,LBCS_ST,1,20245AW5877379N,20245AW5877379N,1,SA,SA,1,1,1,"['N001', 'EP001']"
SOIP,SA,ORRE_2_OKEY,PRDI_2_OKEY,LORD_2_OKEY,NONE_NONE_NONE,NONE_NONE_NONE,WODI_6_OKEY,NONE_NONE_NONE,NONE_NONE_NONE,NONE_NONE_NONE,FUCO_0_OKEY,NONE_NONE_NONE,NONE_NONE_NONE,LBCS_ST,1,20259AL3166999N,20259AL3166999N,1,SA,SA,1,2,2,"['N007', 'N003']"
SOIP,SA,ORRE_2_OKEY,PRDI_2_OKEY,LORD_2_OKEY,NONE_NONE_NONE,NONE_NONE_NONE,WODI_6_OKEY,NONE_NONE_NONE,NONE_NONE_NONE,NONE_NONE_NONE,FUCO_0_OKEY,NONE_NONE_NONE,NONE_NONE_NONE,LIDA_ST,1,20262EQ3486919N,20262EQ3486919N,1,SA,SA,1,2,2,"['N007', 'N003']"
SOIP,SB,ORRE_2_OKEY,PRDI_2_OKEY,LORD_2_OKEY,NONE_NONE_NONE,NONE_NONE_NONE,NONE_NONE_NONE,NONE_NONE_NONE,NONE_NONE_NONE,NONE_NONE_NONE,NONE_NONE_NONE,MAUP_2_OKEY,ORCN_2_OKEY,LBCS_CP-LNOD_CP,1,20262EK3486659N,20262EK3486659N,1,SB,SB,1,0,0,['N001']
SOIP,SA,ORRE_2_OKEY,PRDI_2_OKEY,LORD_3_LORD997,NONE_NONE_NONE,NONE_NONE_NONE,NONE_NONE_NONE,NONE_NONE_NONE,NONE_NONE_NONE,NONE_NONE_NONE,NONE_NONE_NONE,NONE_NONE_NONE,NONE_NONE_NONE,LBCS_ST,1,202540S5900479N,202540S5900479N,1,SA,SA,1,1,1,['E0006']
SOIP,SB,ORRE_2_OKEY,NONE_NONE_NONE,NONE_NONE_NONE,NONE_NONE_NONE,NONE_NONE_NONE,NONE_NONE_NONE,NONE_NONE_NONE,NONE_NONE_NONE,NONE_NONE_NONE,NONE_NONE_NONE,NONE_NONE_NONE,NONE_NONE_NONE,NONE,1,20267GT5959759N,20267GT5959759N,1,SB,SB,1,0,0,"['D0003', 'D0002']"
SOIP,SA,ORRE_2_OKEY,PRDI_2_OKEY,LORD_2_OKEY,NONE_NONE_NONE,NONE_NONE_NONE,NONE_NONE_NONE,REAC_2_OKEY,NONE_NONE_NONE,NONE_NONE_NONE,NONE_NONE_NONE,NONE_NONE_NONE,NONE_NONE_NONE,LBCS_ST,1,20267EU5957269N,20267EU5957269N,1,SA,SA,1,0,0,['S0004']
SOIP,S1,ORRE_2_OKEY,PRDI_2_OKEY,LORD_2_OKEY,NONE_NONE_NONE,NONE_NONE_NONE,NONE_NONE_NONE,NONE_NONE_NONE,NONE_NONE_NONE,NONE_NONE_NONE,NONE_NONE_NONE,NONE_NONE_NONE,NONE_NONE_NONE,LBCS_ST-LNOD_ST,1,20262HR3513679N,20262HR3513679N,1,S1,S1,1,0,0,['S0001']
SOIP,S1,ORRE_2_OKEY,PRDI_2_OKEY,LORD_2_OKEY,NONE_NONE_NONE,NONE_NONE_NONE,NONE_NONE_NONE,NONE_NONE_NONE,NONE_NONE_NONE,NONE_NONE_NONE,NONE_NONE_NONE,MAUP_3_MAUP608,NONE_NONE_NONE,LIDA_ST,1,20260HV3412439N,20260HV3412439N,1,S1,S1,1,1,1,['E0001']
SOIP,S1,ORRE_2_OKEY,PRDI_2_OKEY,LORD_2_OKEY,NONE_NONE_NONE,NONE_NONE_NONE,NONE_NONE_NONE,NONE_NONE_NONE,NONE_NONE_NONE,NONE_NONE_NONE,NONE_NONE_NONE,MAUP_3_MAUP606,NONE_NONE_NONE,LIDA_ST,1,20262HS3513689N,20262HS3513689N,1,S1,S1,1,1,1,['E0001']
PSTN,C1,ORRE_2_OKEY,PRDI_2_OKEY,LORD_2_OKEY,PHRD_3_PHRD011,NONE_NONE_NONE,NONE_NONE_NONE,NONE_NONE_NONE,NONE_NONE_NONE,NONE_NONE_NONE,NONE_NONE_NONE,NONE_NONE_NONE,NONE_NONE_NONE,NONE,1,20262HA535303A1,20262HA535303A1,1,C1,C1,1,1,1,['E0005']
PSTN,C1,ORRE_2_OKEY,PRDI_2_OKEY,LORD_2_OKEY,PHRD_3_PHRD264,NONE_NONE_NONE,NONE_NONE_NONE,NONE_NONE_NONE,NONE_NONE_NONE,NONE_NONE_NONE,NONE_NONE_NONE,NONE_NONE_NONE,NONE_NONE_NONE,NONE,1,20258EC262677A1,20258EC262677A1,1,C1,C1,1,1,1,['E0005']
PSTN,D2,ORRE_2_OKEY,PRDI_2_OKEY,LORD_3_LORD700,NONE_NONE_NONE,NONE_NONE_NONE,NONE_NONE_NONE,NONE_NONE_NONE,NONE_NONE_NONE,NONE_NONE_NONE,NONE_NONE_NONE,NONE_NONE_NONE,NONE_NONE_NONE,NONE,1,20259GP53502291,20259GP53502291,1,D2,D2,1,1,1,['E0006']
PSTN,E3,ORRE_2_OKEY,PRDI_2_OKEY,LORD_3_LORD700,NONE_NONE_NONE,NONE_NONE_NONE,NONE_NONE_NONE,NONE_NONE_NONE,NONE_NONE_NONE,NONE_NONE_NONE,NONE_NONE_NONE,NONE_NONE_NONE,NONE_NONE_NONE,NONE,1,20262FG53528591,20262FG53528591,1,E3,E3,1,1,1,['E0006']
PSTN,EO,ORRE_2_OKEY,PRDI_2_OKEY,LORD_2_OKEY,NONE_NONE_NONE,NONE_NONE_NONE,NONE_NONE_NONE,NONE_NONE_NONE,NONE_NONE_NONE,SWBO_2_OKEY,NONE_NONE_NONE,MAUP_2_OKEY,ORCN_2_OKEY,NONE,1,202629S53526091,202629S53526091,1,EO,EO,1,0,0,['N001']
PSTN,I4,ORRE_2_OKEY,PRDI_0_OKEY,NONE_NONE_NONE,NONE_NONE_NONE,NONE_NONE_NONE,NONE_NONE_NONE,NONE_NONE_NONE,NONE_NONE_NONE,NONE_NONE_NONE,NONE_NONE_NONE,NONE_NONE_NONE,NONE_NONE_NONE,NONE,1,20259GX53502691,20259GX53502691,1,I4,I4,1,1,1,['N010']
PSTN,I4,ORRE_2_OKEY,PRDI_2_OKEY,LORD_2_OKEY,PHRD_2_OKEY,NONE_NONE_NONE,NONE_NONE_NONE,REAC_6_OKEY,NONE_NONE_NONE,NONE_NONE_NONE,NONE_NONE_NONE,NONE_NONE_NONE,NONE_NONE_NONE,NONE,1,20259G453501891,20259G453501891,1,I4,I4,1,1,1,['N005']
PSTN,I6,ORRE_2_OKEY,PRDI_2_OKEY,LORD_3_LORD057,NONE_NONE_NONE,NONE_NONE_NONE,NONE_NONE_NONE,NONE_NONE_NONE,NONE_NONE_NONE,NONE_NONE_NONE,NONE_NONE_NONE,NONE_NONE_NONE,NONE_NONE_NONE,NONE,1,20259GD53502091,20259GD53502091,1,I6,I6,1,1,1,['E0006']
PSTN,J1,ORRE_2_OKEY,PRDI_2_OKEY,LORD_2_OKEY,NONE_NONE_NONE,NONE_NONE_NONE,NONE_NONE_NONE,REAC_6_OKEY,NONE_NONE_NONE,NONE_NONE_NONE,NONE_NONE_NONE,NONE_NONE_NONE,NONE_NONE_NONE,NONE,1,202659X53531091,202659X53531091,1,J1,J1,1,1,1,['N005']
PSTN,J2,ORRE_2_OKEY,PRDI_2_OKEY,LORD_2_OKEY,NONE_NONE_NONE,NONE_NONE_NONE,NONE_NONE_NONE,REAC_6_OKEY,NONE_NONE_NONE,NONE_NONE_NONE,NONE_NONE_NONE,NONE_NONE_NONE,NONE_NONE_NONE,NONE,1,20259FD53501491,20259FD53501491,1,J2,J2,1,1,1,['N005']
PSTN,J2,ORRE_2_OKEY,PRDI_2_OKEY,LORD_3_LORD046,NONE_NONE_NONE,NONE_NONE_NONE,NONE_NONE_NONE,NONE_NONE_NONE,NONE_NONE_NONE,NONE_NONE_NONE,NONE_NONE_NONE,NONE_NONE_NONE,NONE_NONE_NONE,NONE,1,20260I653512191,20260I653512191,1,J2,J2,1,1,1,['E0006']
PSTN,K9,ORRE_2_OKEY,PRDI_2_OKEY,LORD_3_LORD999,NONE_NONE_NONE,NONE_NONE_NONE,NONE_NONE_NONE,NONE_NONE_NONE,NONE_NONE_NONE,NONE_NONE_NONE,NONE_NONE_NONE,NONE_NONE_NONE,NONE_NONE_NONE,NONE,1,20245GN26261591,20245GN26261591,1,K9,K9,1,1,1,['E0006']
PSTN,KG,ORRE_2_OKEY,PRDI_2_OKEY,LORD_2_OKEY,PHRD_2_OKEY,RECO_0_OKEY,WODI_2_OKEY,REAC_2_OKEY,JUJO_0_OKEY,NONE_NONE_NONE,FUCO_0_OKEY,MAUP_1_OKEY,ORCN_2_OKEY,NONE,1,15086B417732891,15086B417732891,1,KG,KG,1,3,3,"['N001', 'N006', 'N004', 'N003']"
PSTN,KZ,ORRE_2_OKEY,PRDI_2_OKEY,LORD_3_LORD700,NONE_NONE_NONE,NONE_NONE_NONE,NONE_NONE_NONE,NONE_NONE_NONE,NONE_NONE_NONE,NONE_NONE_NONE,NONE_NONE_NONE,NONE_NONE_NONE,NONE_NONE_NONE,NONE,1,20259GC53501991,20259GC53501991,1,KZ,KZ,1,1,1,['E0006']
PSTN,L1,ORRE_2_OKEY,PRDI_2_OKEY,LORD_2_OKEY,PHRD_2_OKEY,NONE_NONE_NONE,NONE_NONE_NONE,REAC_6_OKEY,NONE_NONE_NONE,NONE_NONE_NONE,NONE_NONE_NONE,NONE_NONE_NONE,NONE_NONE_NONE,NONE,1,20259EP53500691,20259EP53500691,1,L1,L1,1,1,1,['N005']
PSTN,L2,ORRE_2_OKEY,PRDI_2_OKEY,LORD_3_LORD997,NONE_NONE_NONE,NONE_NONE_NONE,NONE_NONE_NONE,NONE_NONE_NONE,NONE_NONE_NONE,NONE_NONE_NONE,NONE_NONE_NONE,NONE_NONE_NONE,NONE_NONE_NONE,NONE,1,20259EP53500691,20259EP53500691,1,L2,L2,1,1,1,['E0006']
PSTN,M1,ORRE_2_OKEY,PRDI_2_OKEY,LORD_2_OKEY,PHRD_2_OKEY,NONE_NONE_NONE,NONE_NONE_NONE,REAC_6_OKEY,JUJO_0_OKEY,NONE_NONE_NONE,NONE_NONE_NONE,NONE_NONE_NONE,NONE_NONE_NONE,NONE,1,20259ET53501191,20259ET53501191,1,M1,M1,1,2,2,"['N005', 'N004']"
PSTN,N2,ORRE_2_OKEY,PRDI_0_OKEY,NONE_NONE_NONE,NONE_NONE_NONE,NONE_NONE_NONE,NONE_NONE_NONE,NONE_NONE_NONE,NONE_NONE_NONE,NONE_NONE_NONE,NONE_NONE_NONE,NONE_NONE_NONE,NONE_NONE_NONE,NONE,1,20259I053504191,20259I053504191,1,N2,N2,1,1,1,['N010']
PSTN,N2,ORRE_2_OKEY,PRDI_2_OKEY,LORD_3_LORD997,NONE_NONE_NONE,NONE_NONE_NONE,NONE_NONE_NONE,NONE_NONE_NONE,NONE_NONE_NONE,NONE_NONE_NONE,NONE_NONE_NONE,NONE_NONE_NONE,NONE_NONE_NONE,NONE,1,20259JQ53504591,20259JQ53504591,1,N2,N2,1,1,1,['E0006']
PSTN,N3,ORRE_2_OKEY,PRDI_2_OKEY,LORD_3_LORD600,NONE_NONE_NONE,NONE_NONE_NONE,NONE_NONE_NONE,NONE_NONE_NONE,NONE_NONE_NONE,NONE_NONE_NONE,NONE_NONE_NONE,NONE_NONE_NONE,NONE_NONE_NONE,NONE,1,20260EN53507891,20260EN53507891,1,N3,N3,1,1,1,['E0006']
PSTN,QBQA,ORRE_2_OKEY-ORRE_2_OKEY,PRDI_2_OKEY-PRDI_2_OKEY,LORD_2_OKEY-LORD_2_OKEY,NONE_NONE_NONE,NONE_NONE_NONE,NONE_NONE_NONE,NONE_NONE_NONE,NONE_NONE_NONE,NONE_NONE_NONE,NONE_NONE_NONE,MAUP_2_OKEY,ORCN_2_OKEY-ORCN_2_OKEY,NONE,1,20262AK53526491,20262AK53526491,1,QBQA,QBQA,1,0,0,['N001']
PSTN,QBQA,ORRE_2_OKEY-ORRE_2_OKEY,PRDI_2_OKEY-PRDI_2_OKEY,LORD_3_LORD700-LORD_3_LORD700,NONE_NONE_NONE,NONE_NONE_NONE,NONE_NONE_NONE,NONE_NONE_NONE,NONE_NONE_NONE,NONE_NONE_NONE,NONE_NONE_NONE,NONE_NONE_NONE,NONE_NONE_NONE,NONE,1,20262FC53528491,20262FC53528491,1,QBQA,QBQA,1,2,2,['E0006']
PSTN,TLRL,NONE_NONE_NONE,NONE_NONE_NONE,NONE_NONE_NONE,NONE_NONE_NONE,NONE_NONE_NONE,NONE_NONE_NONE,REAC_6_OKEY-REAC_6_OKEY,JUJO_2_OKEY,NONE_NONE_NONE,NONE_NONE_NONE,NONE_NONE_NONE,NONE_NONE_NONE,NONE,1,R02471TL132,R02471TL132,1,TLRL,TLRL,1,2,2,['N005']
PSTN,TT,NONE_NONE_NONE,NONE_NONE_NONE,NONE_NONE_NONE,NONE_NONE_NONE,NONE_NONE_NONE,NONE_NONE_NONE,NONE_NONE_NONE,JUJO_2_OKEY,NONE_NONE_NONE,FUCO_2_OKEY,MAUP_2_OKEY,ORCN_2_OKEY,NONE,1,R02471TT279,R02471TT279,1,TT,TT,1,0,0,['N001']
SOIP,SC,ORRE_2_OKEY,PRDI_0_OKEY,NONE_NONE_NONE,NONE_NONE_NONE,NONE_NONE_NONE,NONE_NONE_NONE,NONE_NONE_NONE,NONE_NONE_NONE,NONE_NONE_NONE,NONE_NONE_NONE,NONE_NONE_NONE,NONE_NONE_NONE,LBCS_ST,1,20255AV6878109N,20255AV6878109N,1,SC,SC,1,1,1,['N010']
SOIP,SC,ORRE_2_OKEY,NONE_NONE_NONE,LORD_2_OKEY,NONE_NONE_NONE,NONE_NONE_NONE,WODI_5_OKEY,NONE_NONE_NONE,NONE_NONE_NONE,NONE_NONE_NONE,FUCO_2_OKEY,MAUP_2_OKEY,ORCN_2_OKEY,LIDA_ST,1,20234AA0692369N,20234AA0692369N,1,SC,SC,1,1,1,"['N001', 'EP001', 'S0003']"
SOIP,S1,ORRE_2_OKEY,PRDI_2_OKEY,LORD_2_OKEY,NONE_NONE_NONE,NONE_NONE_NONE,NONE_NONE_NONE,NONE_NONE_NONE,NONE_NONE_NONE,NONE_NONE_NONE,NONE_NONE_NONE,MAUP_2_OKEY,ORCN_2_OKEY,LBCS_CP-LNOD_CP,1,20262EC3486089N,20262EC3486089N,1,S1,S1,1,0,0,['N001']
PSTN,BA,ORRE_2_OKEY,PRDI_2_OKEY,LORD_2_OKEY,PHRD_2_OKEY,RECO_2_OKEY,WODI_2_OKEY,NONE_NONE_NONE,NONE_NONE_NONE,NONE_NONE_NONE,NONE_NONE_NONE,NONE_NONE_NONE,NONE_NONE_NONE,NONE,1,14120A001721891,14120A001721891,1,BA,BA,1,0,0,['D0003']
IOT,UI,ORRE_2_OKEY,PRDI_2_OKEY,LORD_3_LORD700,NONE_NONE_NONE,NONE_NONE_NONE,NONE_NONE_NONE,NONE_NONE_NONE,NONE_NONE_NONE,NONE_NONE_NONE,NONE_NONE_NONE,NONE_NONE_NONE,NONE_NONE_NONE,LIDA_ST,1,20253FH2282129N,20253FH2282129N,1,UI,UI,1,1,1,['E0006']
SOIP,SB,ORRE_2_OKEY,PRDI_0_OKEY,NONE_NONE_NONE,NONE_NONE_NONE,NONE_NONE_NONE,NONE_NONE_NONE,NONE_NONE_NONE,NONE_NONE_NONE,NONE_NONE_NONE,NONE_NONE_NONE,NONE_NONE_NONE,NONE_NONE_NONE,LIDA_CP,1,11231G318317191,11231G318317191,1,SB,SB,1,1,1,['N010']
INTERNET,OLOK,ORRE_2_OKEY-ORRE_2_OKEY,PRDI_0_OKEY-PRDI_0_OKEY,LORD_3_LORD040-LORD_3_LORD035,PHRD_3_PHRD012-PHRD_3_PHRD404,NONE_NONE_NONE,NONE_NONE_NONE,REAC_3_REAC021,NONE_NONE_NONE,NONE_NONE_NONE,NONE_NONE_NONE,NONE_NONE_NONE,NONE_NONE_NONE,NONE,1,20245EG941419AN,20245EG941419AN,1,OLOK,OLOK,1,7,7,"['E0006', 'E0005', 'N010', 'E0003']"
INTERNET,OB,ORRE_2_OKEY,PRDI_2_OKEY,LORD_7_OKEY,NONE_NONE_NONE,NONE_NONE_NONE,NONE_NONE_NONE,NONE_NONE_NONE,NONE_NONE_NONE,NONE_NONE_NONE,NONE_NONE_NONE,NONE_NONE_NONE,NONE_NONE_NONE,LIDA_ST,1,17341H41156339N,17341H41156339N,1,OB,OB,1,0,0,"['D0001', 'DI001']"
INTERNET,XI,ORRE_2_OKEY,PRDI_2_OKEY,LORD_2_OKEY,NONE_NONE_NONE,NONE_NONE_NONE,WODI_2_OKEY,REAC_2_OKEY,NONE_NONE_NONE,NONE_NONE_NONE,NONE_NONE_NONE,MAUP_2_OKEY,ORCN_2_OKEY,LIDA_ST,1,20262BX3477779N,20262BX3477779N,1,XI,XI,1,0,0,['N001']
INTERNET,XI,ORRE_2_OKEY,PRDI_2_OKEY,LORD_3_LORD040,NONE_NONE_NONE,NONE_NONE_NONE,NONE_NONE_NONE,NONE_NONE_NONE,NONE_NONE_NONE,NONE_NONE_NONE,NONE_NONE_NONE,NONE_NONE_NONE,NONE_NONE_NONE,LIDA_ST,1,202478V6190739N,202478V6190739N,1,XI,XI,1,1,1,['E0006']
INTERNET,XI,ORRE_2_OKEY,PRDI_2_OKEY,LORD_3_LORD502,NONE_NONE_NONE,NONE_NONE_NONE,NONE_NONE_NONE,NONE_NONE_NONE,NONE_NONE_NONE,NONE_NONE_NONE,NONE_NONE_NONE,NONE_NONE_NONE,NONE_NONE_NONE,LIDA_ST,1,20246GX3184949N,20246GX3184949N,1,XI,XI,1,1,1,['E0006']
INTERNET,OB,ORRE_2_OKEY,PRDI_2_OKEY,LORD_2_OKEY,PHRD_2_OKEY,NONE_NONE_NONE,WODI_9_OKEY,REAC_2_OKEY,NONE_NONE_NONE,NONE_NONE_NONE,NONE_NONE_NONE,MAUP_2_OKEY,ORCN_2_OKEY,LIDA_ST,1,20262BJ3477679N,20262BJ3477679N,1,OB,OB,1,0,0,['N001']
INTERNET,XI,ORRE_2_OKEY,PRDI_2_OKEY,LORD_3_LORD810,NONE_NONE_NONE,NONE_NONE_NONE,NONE_NONE_NONE,NONE_NONE_NONE,NONE_NONE_NONE,NONE_NONE_NONE,NONE_NONE_NONE,NONE_NONE_NONE,NONE_NONE_NONE,LIDA_ST,1,16GCT2930069190,16GCT2930069190,1,XI,XI,1,1,1,['E0006']
INTERNET,OB,ORRE_2_OKEY,PRDI_2_OKEY,LORD_7_OKEY,NONE_NONE_NONE,NONE_NONE_NONE,WODI_9_OKEY,NONE_NONE_NONE,NONE_NONE_NONE,NONE_NONE_NONE,NONE_NONE_NONE,MAUP_2_OKEY,ORCN_2_OKEY,LIDA_CP,1,18296FD3393949N,18296FD3393949N,1,OB,OB,1,0,0,['N001']
INTERNET,OB,ORRE_2_OKEY,PRDI_2_OKEY,LORD_2_OKEY,PHRD_2_OKEY,NONE_NONE_NONE,WODI_6_OKEY,REAC_6_OKEY,NONE_NONE_NONE,NONE_NONE_NONE,NONE_NONE_NONE,NONE_NONE_NONE,NONE_NONE_NONE,LIDA_ST,1,20258H73151429N,20258H73151429N,1,OB,OB,1,2,2,"['N005', 'N007']"
INTERNET,XT,ORRE_2_OKEY,PRDI_2_OKEY,LORD_2_OKEY,NONE_NONE_NONE,NONE_NONE_NONE,WODI_2_OKEY,NONE_NONE_NONE,NONE_NONE_NONE,NONE_NONE_NONE,FUCO_2_OKEY,MAUP_2_OKEY,ORCN_2_OKEY,LIDA_ST,1,20262EI3486489N,20262EI3486489N,1,XT,XT,1,0,0,['N001']
INTERNET,OB,ORRE_2_OKEY,PRDI_2_OKEY,LORD_2_OKEY,PHRD_2_OKEY,NONE_NONE_NONE,NONE_NONE_NONE,REAC_6_OKEY,JUJO_0_OKEY,NONE_NONE_NONE,NONE_NONE_NONE,NONE_NONE_NONE,NONE_NONE_NONE,LIDA_ST,1,20269HR5129559N,20269HR5129559N,1,OB,OB,1,2,2,"['N005', 'N004']"
INTERNET,OB,ORRE_2_OKEY,PRDI_2_OKEY,LORD_2_OKEY,PHRD_2_OKEY,NONE_NONE_NONE,NONE_NONE_NONE,REAC_2_OKEY,NONE_NONE_NONE,NONE_NONE_NONE,NONE_NONE_NONE,MAUP_2_OKEY,ORCN_2_OKEY,LIDA_ST,1,20262EV3486969N,20262EV3486969N,1,OB,OB,1,0,0,['N001']
INTERNET,XT,ORRE_2_OKEY,PRDI_2_OKEY,LORD_3_LORD036,NONE_NONE_NONE,NONE_NONE_NONE,NONE_NONE_NONE,NONE_NONE_NONE,NONE_NONE_NONE,NONE_NONE_NONE,NONE_NONE_NONE,NONE_NONE_NONE,NONE_NONE_NONE,LIDA_ST,1,20258FG3149439N,20258FG3149439N,1,XT,XT,1,1,1,['E0006']
INTERNET,OA,ORRE_2_OKEY,PRDI_2_OKEY,LORD_3_LORD999,NONE_NONE_NONE,NONE_NONE_NONE,NONE_NONE_NONE,NONE_NONE_NONE,NONE_NONE_NONE,NONE_NONE_NONE,NONE_NONE_NONE,NONE_NONE_NONE,NONE_NONE_NONE,LIDA_ST,1,20049AN7992109N,20049AN7992109N,1,OA,OA,1,1,1,['E0006']
INTERNET,OA,ORRE_2_OKEY,PRDI_2_OKEY,LORD_3_LORD997,NONE_NONE_NONE,NONE_NONE_NONE,NONE_NONE_NONE,NONE_NONE_NONE,NONE_NONE_NONE,NONE_NONE_NONE,NONE_NONE_NONE,NONE_NONE_NONE,NONE_NONE_NONE,LIDA_ST,1,20258H73151429N,20258H73151429N,1,OA,OA,1,1,1,['E0006']
INTERNET,OB,ORRE_2_OKEY,PRDI_2_OKEY,LORD_2_OKEY,PHRD_2_OKEY,NONE_NONE_NONE,WODI_2_OKEY,REAC_2_OKEY,NONE_NONE_NONE,NONE_NONE_NONE,NONE_NONE_NONE,MAUP_2_OKEY,ORCN_2_OKEY,LIDA_CP,1,18236912761309N,18236912761309N,1,OB,OB,1,0,0,['N001']
INTERNET,XI,ORRE_2_OKEY,PRDI_2_OKEY,LORD_2_OKEY,NONE_NONE_NONE,NONE_NONE_NONE,NONE_NONE_NONE,REAC_6_OKEY,NONE_NONE_NONE,NONE_NONE_NONE,NONE_NONE_NONE,NONE_NONE_NONE,NONE_NONE_NONE,LIDA_ST,1,16GCN2930069190,16GCN2930069190,1,XI,XI,1,1,1,['N005']
INTERNET,XHXG,ORRE_2_OKEY-ORRE_2_OKEY,PRDI_2_OKEY-PRDI_2_OKEY,LORD_3_LORD999-LORD_3_LORD811,NONE_NONE_NONE,NONE_NONE_NONE,NONE_NONE_NONE,NONE_NONE_NONE,NONE_NONE_NONE,NONE_NONE_NONE,NONE_NONE_NONE,NONE_NONE_NONE,NONE_NONE_NONE,NONE,1,20246FF318310AN,20246FF318310AN,1,XHXG,XHXG,1,2,2,['E0006']
INTERNET,XHXG,ORRE_2_OKEY-ORRE_2_OKEY,PRDI_2_OKEY-PRDI_2_OKEY,LORD_3_LORD811-LORD_3_LORD811,NONE_NONE_NONE,NONE_NONE_NONE,NONE_NONE_NONE,NONE_NONE_NONE,NONE_NONE_NONE,NONE_NONE_NONE,NONE_NONE_NONE,NONE_NONE_NONE,NONE_NONE_NONE,NONE,1,20246FA318307AN,20246FA318307AN,1,XHXG,XHXG,1,2,2,['E0006']
INTERNET,TGRG,NONE_NONE_NONE,NONE_NONE_NONE,NONE_NONE_NONE,NONE_NONE_NONE,NONE_NONE_NONE,WODI_6_OKEY,REAC_2_OKEY-REAC_6_OKEY,NONE_NONE_NONE,NONE_NONE_NONE,NONE_NONE_NONE,NONE_NONE_NONE,ORCN_2_OKEY,NONE,1,R02471TG874,R02471TG874,1,TGRG,TGRG,1,2,2,"['N001', 'N007']"
INTERNET,TGRG,NONE_NONE_NONE,NONE_NONE_NONE,NONE_NONE_NONE,NONE_NONE_NONE,NONE_NONE_NONE,NONE_NONE_NONE,REAC_2_OKEY-REAC_7_OKEY,NONE_NONE_NONE,NONE_NONE_NONE,NONE_NONE_NONE,MAUP_2_OKEY,ORCN_2_OKEY-ORCN_2_OKEY,NONE,1,R02471TG872,R02471TG872,1,TGRG,TGRG,1,0,0,['N001']
INTERNET,ONOM,ORRE_2_OKEY-ORRE_2_OKEY,PRDI_2_OKEY-PRDI_2_OKEY,LORD_3_LORD700-LORD_3_LORD700,NONE_NONE_NONE,NONE_NONE_NONE,NONE_NONE_NONE,NONE_NONE_NONE,NONE_NONE_NONE,NONE_NONE_NONE,NONE_NONE_NONE,NONE_NONE_NONE,NONE_NONE_NONE,NONE,1,202479R6201869N,202479R6201869N,1,ONOM,ONOM,1,2,2,['E0006']
INTERNET,OLOK,ORRE_2_OKEY-ORRE_2_OKEY,PRDI_2_OKEY-PRDI_2_OKEY,LORD_3_LORD700-LORD_3_LORD700,NONE_NONE_NONE,NONE_NONE_NONE,NONE_NONE_NONE,NONE_NONE_NONE,NONE_NONE_NONE,NONE_NONE_NONE,NONE_NONE_NONE,NONE_NONE_NONE,NONE_NONE_NONE,NONE,1,20262EB348603AN,20262EB348603AN,1,OLOK,OLOK,1,2,2,['E0006']
INTERNET,X2,ORRE_2_OKEY,PRDI_0_OKEY,NONE_NONE_NONE,NONE_NONE_NONE,NONE_NONE_NONE,NONE_NONE_NONE,NONE_NONE_NONE,NONE_NONE_NONE,NONE_NONE_NONE,NONE_NONE_NONE,NONE_NONE_NONE,NONE_NONE_NONE,LIDA_ST,1,20261JP3457249N,20261JP3457249N,1,X2,X2,1,1,1,['N010']
INTERNET,X2,ORRE_2_OKEY,PRDI_2_OKEY,LORD_2_OKEY,NONE_NONE_NONE,NONE_NONE_NONE,NONE_NONE_NONE,REAC_6_OKEY,NONE_NONE_NONE,NONE_NONE_NONE,NONE_NONE_NONE,NONE_NONE_NONE,NONE_NONE_NONE,NONE,1,171555D0102859N,171555D0102859N,1,X2,X2,1,1,1,['N005']
INTERNET,OLOK,ORRE_2_OKEY-ORRE_2_OKEY,PRDI_0_OKEY-PRDI_0_OKEY,NONE_NONE_NONE,NONE_NONE_NONE,NONE_NONE_NONE,NONE_NONE_NONE,NONE_NONE_NONE,NONE_NONE_NONE,NONE_NONE_NONE,NONE_NONE_NONE,NONE_NONE_NONE,NONE_NONE_NONE,NONE,1,1430394046669A0,1430394046669A0,1,OLOK,OLOK,1,2,2,['N010']
INTERNET,XB,ORRE_2_OKEY,PRDI_2_OKEY,LORD_2_OKEY,PHRD_2_OKEY,NONE_NONE_NONE,NONE_NONE_NONE,REAC_6_OKEY,NONE_NONE_NONE,NONE_NONE_NONE,NONE_NONE_NONE,NONE_NONE_NONE,NONE_NONE_NONE,LIDA_ST,1,14267G557145990,14267G557145990,1,XB,XB,1,1,1,['N005']
IOT,UI,ORRE_2_OKEY,PRDI_2_OKEY,LORD_2_OKEY,NONE_NONE_NONE,NONE_NONE_NONE,WODI_2_OKEY,NONE_NONE_NONE,NONE_NONE_NONE,NONE_NONE_NONE,FUCO_2_OKEY,MAUP_2_OKEY,ORCN_2_OKEY,LIDA_ST,1,20262E03485899N,20262E03485899N,1,UI,UI,1,0,0,"['N001', 'S0003']"
INTERNET,OF,ORRE_2_OKEY,PRDI_2_OKEY,LORD_2_OKEY,NONE_NONE_NONE,NONE_NONE_NONE,NONE_NONE_NONE,REAC_2_OKEY,NONE_NONE_NONE,NONE_NONE_NONE,NONE_NONE_NONE,MAUP_2_OKEY,ORCN_2_OKEY,LIDA_ST,1,20262EC3486139N,20262EC3486139N,1,OF,OF,1,0,0,['N001']
INTERNET,OE,ORRE_2_OKEY,PRDI_2_OKEY,LORD_7_OKEY,NONE_NONE_NONE,NONE_NONE_NONE,NONE_NONE_NONE,NONE_NONE_NONE,NONE_NONE_NONE,NONE_NONE_NONE,NONE_NONE_NONE,MAUP_3_MAUP305,NONE_NONE_NONE,LIDA_CP,1,18051F9666926AN,18051F9666926AN,1,OE,OE,1,1,1,['E0001']
INTERNET,OE,ORRE_2_OKEY,PRDI_2_OKEY,LORD_3_LORD811,NONE_NONE_NONE,NONE_NONE_NONE,NONE_NONE_NONE,NONE_NONE_NONE,NONE_NONE_NONE,NONE_NONE_NONE,NONE_NONE_NONE,NONE_NONE_NONE,NONE_NONE_NONE,LIDA_ST,1,202469L316989AN,202469L316989AN,1,OE,OE,1,1,1,['E0006']
INTERNET,XHXG,ORRE_2_OKEY-ORRE_2_OKEY,PRDI_2_OKEY-PRDI_2_OKEY,LORD_3_LORD035-LORD_3_LORD035,NONE_NONE_NONE,NONE_NONE_NONE,NONE_NONE_NONE,NONE_NONE_NONE,NONE_NONE_NONE,NONE_NONE_NONE,NONE_NONE_NONE,NONE_NONE_NONE,NONE_NONE_NONE,NONE,1,202479Y620206AN,202479Y620206AN,1,XHXG,XHXG,1,2,2,['E0006']
INTERNET,OE,ORRE_2_OKEY,PRDI_2_OKEY,LORD_3_LORD075,NONE_NONE_NONE,NONE_NONE_NONE,NONE_NONE_NONE,NONE_NONE_NONE,NONE_NONE_NONE,NONE_NONE_NONE,NONE_NONE_NONE,NONE_NONE_NONE,NONE_NONE_NONE,LIDA_ST,1,20245HH947440BN,20245HH947440BN,1,OE,OE,1,1,1,['E0006']
INTERNET,OE,ORRE_2_OKEY,PRDI_2_OKEY,LORD_2_OKEY,NONE_NONE_NONE,RECO_2_OKEY,WODI_2_OKEY,REAC_2_OKEY,NONE_NONE_NONE,NONE_NONE_NONE,FUCO_2_OKEY,MAUP_2_OKEY,ORCN_2_OKEY,LIDA_ST,1,20262EC348613AN,20262EC348613AN,1,OE,OE,1,0,0,['N001']
IOT,U1,ORRE_2_OKEY,PRDI_2_OKEY,LORD_2_OKEY,NONE_NONE_NONE,NONE_NONE_NONE,NONE_NONE_NONE,NONE_NONE_NONE,NONE_NONE_NONE,NONE_NONE_NONE,NONE_NONE_NONE,MAUP_2_OKEY,ORCN_2_OKEY,LIDA_CP,1,20262F23489079N,20262F23489079N,1,U1,U1,1,0,0,['N001']
SOIP,SI,ORRE_2_OKEY,PRDI_2_OKEY,LORD_2_OKEY,NONE_NONE_NONE,NONE_NONE_NONE,WODI_2_OKEY,NONE_NONE_NONE,NONE_NONE_NONE,NONE_NONE_NONE,FUCO_2_OKEY,MAUP_3_MAUP606,NONE_NONE_NONE,LIDA_CP,1,20253AQ5896439N,20253AQ5896439N,1,SI,SI,1,1,1,['E0001']
SOIP,SI,ORRE_2_OKEY,PRDI_2_OKEY,LORD_2_OKEY,NONE_NONE_NONE,NONE_NONE_NONE,NONE_NONE_NONE,NONE_NONE_NONE,NONE_NONE_NONE,NONE_NONE_NONE,NONE_NONE_NONE,MAUP_2_OKEY,ORCN_2_OKEY,LIDA_CP,1,20262DX3485799N,20262DX3485799N,1,SI,SI,1,0,0,['N001']
INTERNET,OA,ORRE_2_OKEY,PRDI_2_OKEY,LORD_2_OKEY,NONE_NONE_NONE,NONE_NONE_NONE,NONE_NONE_NONE,NONE_NONE_NONE,NONE_NONE_NONE,NONE_NONE_NONE,NONE_NONE_NONE,NONE_NONE_NONE,NONE_NONE_NONE,LIDA_ST,1,170489A76979190,170489A76979190,1,OA,OA,1,0,0,['DI001']
INTERNET,OA,ORRE_2_OKEY,PRDI_2_OKEY,LORD_2_OKEY,NONE_NONE_NONE,RECO_0_OKEY,WODI_2_OKEY,NONE_NONE_NONE,NONE_NONE_NONE,NONE_NONE_NONE,NONE_NONE_NONE,NONE_NONE_NONE,NONE_NONE_NONE,LIDA_CP,1,14142A107439590,14142A107439590,1,OA,OA,1,1,1,['N006']
IOT,U2,ORRE_2_OKEY,PRDI_2_OKEY,LORD_2_OKEY,NONE_NONE_NONE,NONE_NONE_NONE,NONE_NONE_NONE,NONE_NONE_NONE,NONE_NONE_NONE,NONE_NONE_NONE,NONE_NONE_NONE,MAUP_2_OKEY,ORCN_2_OKEY,LIDA_CP,1,20262FE3500579N,20262FE3500579N,1,U2,U2,1,0,0,['N001']
IOT,UB,ORRE_2_OKEY,PRDI_2_OKEY,LORD_2_OKEY,NONE_NONE_NONE,NONE_NONE_NONE,NONE_NONE_NONE,NONE_NONE_NONE,NONE_NONE_NONE,NONE_NONE_NONE,NONE_NONE_NONE,NONE_NONE_NONE,NONE_NONE_NONE,LIDA_ST,1,20262IK3514179N,20262IK3514179N,1,UB,UB,1,0,0,['S0003']
INTERNET,OA,ORRE_2_OKEY,PRDI_0_OKEY,LORD_2_OKEY,PHRD_2_OKEY,RECO_0_OKEY,WODI_6_OKEY,NONE_NONE_NONE,NONE_NONE_NONE,NONE_NONE_NONE,NONE_NONE_NONE,NONE_NONE_NONE,NONE_NONE_NONE,LIDA_ST,1,20251HHS4536990,20251HHS4536990,1,OA,OA,1,3,3,"['N006', 'N010', 'N007']"
INTERNET,OA,ORRE_2_OKEY,NONE_NONE_NONE,LORD_2_OKEY,NONE_NONE_NONE,RECO_7_OKEY,WODI_7_OKEY,NONE_NONE_NONE,NONE_NONE_NONE,NONE_NONE_NONE,NONE_NONE_NONE,MAUP_2_OKEY,ORCN_2_OKEY,LIDA_ST,1,20267HB2316179N,20267HB2316179N,1,OA,OA,1,0,0,['N001']
INTERNET,O2,ORRE_2_OKEY,PRDI_2_OKEY,LORD_3_LORD700,NONE_NONE_NONE,NONE_NONE_NONE,NONE_NONE_NONE,NONE_NONE_NONE,NONE_NONE_NONE,NONE_NONE_NONE,NONE_NONE_NONE,NONE_NONE_NONE,NONE_NONE_NONE,LIDA_ST,1,20262EI3486459N,20262EI3486459N,1,O2,O2,1,1,1,['E0006']
IOT,UA,ORRE_2_OKEY,PRDI_2_OKEY,LORD_3_LORD075,NONE_NONE_NONE,NONE_NONE_NONE,NONE_NONE_NONE,NONE_NONE_NONE,NONE_NONE_NONE,NONE_NONE_NONE,NONE_NONE_NONE,NONE_NONE_NONE,NONE_NONE_NONE,LIDA_ST,1,20239GB8060389N,20239GB8060389N,1,UA,UA,1,1,1,['E0006']
IOT,UB,ORRE_2_OKEY,PRDI_2_OKEY,LORD_2_OKEY,NONE_NONE_NONE,NONE_NONE_NONE,WODI_6_OKEY,NONE_NONE_NONE,NONE_NONE_NONE,NONE_NONE_NONE,NONE_NONE_NONE,NONE_NONE_NONE,NONE_NONE_NONE,LIDA_ST,1,20148JE5400989N,20148JE5400989N,1,UB,UB,1,1,1,"['S0003', 'N007']"
SOIP,SI,ORRE_2_OKEY,NONE_NONE_NONE,LORD_2_OKEY,NONE_NONE_NONE,NONE_NONE_NONE,WODI_5_OKEY,NONE_NONE_NONE,NONE_NONE_NONE,NONE_NONE_NONE,FUCO_0_OKEY,NONE_NONE_NONE,NONE_NONE_NONE,LBCS_ST,1,20083GA9276159N,20083GA9276159N,1,SI,SI,1,2,2,"['EP001', 'N003']"
INTERNET,O2,ORRE_2_OKEY,PRDI_2_OKEY,LORD_3_LORD091,NONE_NONE_NONE,NONE_NONE_NONE,NONE_NONE_NONE,NONE_NONE_NONE,NONE_NONE_NONE,NONE_NONE_NONE,NONE_NONE_NONE,NONE_NONE_NONE,NONE_NONE_NONE,LIDA_ST,1,20258GX3151369N,20258GX3151369N,1,O2,O2,1,1,1,['E0006']
INTERNET,O1,ORRE_2_OKEY,PRDI_2_OKEY,LORD_3_LORD500,NONE_NONE_NONE,NONE_NONE_NONE,NONE_NONE_NONE,NONE_NONE_NONE,NONE_NONE_NONE,NONE_NONE_NONE,NONE_NONE_NONE,NONE_NONE_NONE,NONE_NONE_NONE,LIDA_ST,1,20260EH2129209N,20260EH2129209N,1,O1,O1,1,1,1,['E0006']
IOT,UC,ORRE_2_OKEY,PRDI_2_OKEY,LORD_2_OKEY,NONE_NONE_NONE,NONE_NONE_NONE,WODI_6_OKEY,NONE_NONE_NONE,NONE_NONE_NONE,NONE_NONE_NONE,FUCO_0_OKEY,NONE_NONE_NONE,NONE_NONE_NONE,LIDA_ST,1,202686Q3230049N,202686Q3230049N,1,UC,UC,1,2,2,"['S0003', 'N007', 'N003']"
IOT,UC,ORRE_2_OKEY,PRDI_2_OKEY,LORD_3_LORD700,NONE_NONE_NONE,NONE_NONE_NONE,NONE_NONE_NONE,NONE_NONE_NONE,NONE_NONE_NONE,NONE_NONE_NONE,NONE_NONE_NONE,NONE_NONE_NONE,NONE_NONE_NONE,LIDA_ST,1,20262IM3514209N,20262IM3514209N,1,UC,UC,1,1,1,['E0006']
SOIP,SI,ORRE_2_OKEY,PRDI_2_OKEY,LORD_3_LORD700,NONE_NONE_NONE,NONE_NONE_NONE,NONE_NONE_NONE,NONE_NONE_NONE,NONE_NONE_NONE,NONE_NONE_NONE,NONE_NONE_NONE,MAUP_2_OKEY,ORCN_2_OKEY,LBCS_CP-LNOD_CP,1,20246FL5884379N,20246FL5884379N,1,SI,SI,1,1,1,"['N001', 'E0006']"
IOT,UB,ORRE_2_OKEY,PRDI_2_OKEY,LORD_2_OKEY,NONE_NONE_NONE,NONE_NONE_NONE,WODI_9_OKEY,NONE_NONE_NONE,NONE_NONE_NONE,NONE_NONE_NONE,NONE_NONE_NONE,MAUP_2_OKEY,ORCN_2_OKEY,LIDA_CP,1,20147GD5371389N,20147GD5371389N,1,UB,UB,1,0,0,['N001']
IOT,UA,ORRE_2_OKEY,PRDI_2_OKEY,LORD_2_OKEY,NONE_NONE_NONE,NONE_NONE_NONE,WODI_6_OKEY,NONE_NONE_NONE,NONE_NONE_NONE,NONE_NONE_NONE,FUCO_0_OKEY,NONE_NONE_NONE,NONE_NONE_NONE,NONE,1,19345HU5994519N,19345HU5994519N,1,UA,UA,1,2,2,"['N007', 'N003']"
INTERNET,TGRG,NONE_NONE_NONE,NONE_NONE_NONE,NONE_NONE_NONE,NONE_NONE_NONE,NONE_NONE_NONE,WODI_7_OKEY,REAC_2_OKEY-REAC_7_OKEY,NONE_NONE_NONE,NONE_NONE_NONE,NONE_NONE_NONE,MAUP_2_OKEY,ORCN_2_OKEY-ORCN_2_OKEY,NONE,1,R02471TG873,R02471TG873,1,TGRG,TGRG,1,0,0,['N001']
INTERNET,OA,ORRE_2_OKEY,PRDI_2_OKEY,LORD_2_OKEY,PHRD_2_OKEY,RECO_2_OKEY,WODI_2_OKEY,NONE_NONE_NONE,NONE_NONE_NONE,NONE_NONE_NONE,FUCO_3_FUCO118,NONE_NONE_NONE,NONE_NONE_NONE,LIDA_CP,1,18144AN9232359N,18144AN9232359N,1,OA,OA,1,1,1,['E0002']
INTERNET,OA,ORRE_2_OKEY,PRDI_2_OKEY,LORD_2_OKEY,PHRD_2_OKEY,RECO_7_OKEY,WODI_7_OKEY,NONE_NONE_NONE,NONE_NONE_NONE,NONE_NONE_NONE,NONE_NONE_NONE,MAUP_2_OKEY,ORCN_2_OKEY,LIDA_ST,1,20266FA2301619N,20266FA2301619N,1,OA,OA,1,0,0,['N001']
INTERNET,OA,ORRE_2_OKEY,PRDI_2_OKEY,LORD_2_OKEY,NONE_NONE_NONE,RECO_2_OKEY,WODI_2_OKEY,REAC_2_OKEY,NONE_NONE_NONE,NONE_NONE_NONE,FUCO_2_OKEY,MAUP_2_OKEY,ORCN_2_OKEY,LIDA_ST,1,202629V3473149N,202629V3473149N,1,OA,OA,1,0,0,['N001']
IOT,UA,ORRE_2_OKEY,PRDI_2_OKEY,LORD_2_OKEY,NONE_NONE_NONE,NONE_NONE_NONE,WODI_5_OKEY,NONE_NONE_NONE,NONE_NONE_NONE,NONE_NONE_NONE,FUCO_0_OKEY,NONE_NONE_NONE,NONE_NONE_NONE,LIDA_ST,1,201479P5349569N,201479P5349569N,1,UA,UA,1,2,2,"['EP001', 'S0003', 'N003']"
INTERNET,OA,ORRE_2_OKEY,PRDI_2_OKEY,LORD_2_OKEY,PHRD_2_OKEY,RECO_2_OKEY,WODI_2_OKEY,REAC_2_OKEY,NONE_NONE_NONE,NONE_NONE_NONE,FUCO_3_FUCO110,NONE_NONE_NONE,NONE_NONE_NONE,LIDA_ST,1,20258AS3147709N,20258AS3147709N,1,OA,OA,1,1,1,['E0002']
INTERNET,OA,ORRE_2_OKEY,PRDI_2_OKEY,LORD_2_OKEY,PHRD_2_OKEY,RECO_0_OKEY,WODI_5_OKEY,NONE_NONE_NONE,NONE_NONE_NONE,NONE_NONE_NONE,NONE_NONE_NONE,NONE_NONE_NONE,NONE_NONE_NONE,LIDA_ST,1,20198AL8360819N,20198AL8360819N,1,OA,OA,1,2,2,"['EP001', 'N006']"
IOT,U2,ORRE_2_OKEY,PRDI_2_OKEY,LORD_3_LORD700,NONE_NONE_NONE,NONE_NONE_NONE,NONE_NONE_NONE,NONE_NONE_NONE,NONE_NONE_NONE,NONE_NONE_NONE,NONE_NONE_NONE,NONE_NONE_NONE,NONE_NONE_NONE,LIDA_ST,1,20262IM3514199N,20262IM3514199N,1,U2,U2,1,1,1,['E0006']
IOT,UA,ORRE_2_OKEY,PRDI_2_OKEY,LORD_2_OKEY,NONE_NONE_NONE,NONE_NONE_NONE,NONE_NONE_NONE,NONE_NONE_NONE,NONE_NONE_NONE,NONE_NONE_NONE,NONE_NONE_NONE,NONE_NONE_NONE,NONE_NONE_NONE,LIDA_ST,1,20262IJ3514169N,20262IJ3514169N,1,UA,UA,1,0,0,['S0003']
IOT,UA,ORRE_2_OKEY,PRDI_0_OKEY,LORD_2_OKEY,NONE_NONE_NONE,NONE_NONE_NONE,WODI_6_OKEY,NONE_NONE_NONE,NONE_NONE_NONE,NONE_NONE_NONE,FUCO_0_OKEY,NONE_NONE_NONE,NONE_NONE_NONE,LIDA_ST,1,20252CB6914879N,20252CB6914879N,1,UA,UA,1,3,3,"['N003', 'S0003', 'N010', 'N007']"
IOT,UA,ORRE_2_OKEY,NONE_NONE_NONE,NONE_NONE_NONE,NONE_NONE_NONE,NONE_NONE_NONE,NONE_NONE_NONE,NONE_NONE_NONE,NONE_NONE_NONE,NONE_NONE_NONE,NONE_NONE_NONE,NONE_NONE_NONE,NONE_NONE_NONE,NONE,1,20244EL3940509N,20244EL3940509N,1,UA,UA,1,0,0,"['D0003', 'D0002']"
IOT,UA,ORRE_2_OKEY,PRDI_2_OKEY,LORD_2_OKEY,NONE_NONE_NONE,NONE_NONE_NONE,WODI_2_OKEY,NONE_NONE_NONE,NONE_NONE_NONE,NONE_NONE_NONE,FUCO_2_OKEY,MAUP_2_OKEY,ORCN_2_OKEY,LIDA_CP,1,20174DO7495089N,20174DO7495089N,1,UA,UA,1,0,0,['N001']
INTERNET,OA,ORRE_2_OKEY,PRDI_2_OKEY,LORD_2_OKEY,PHRD_2_OKEY,RECO_0_OKEY,WODI_6_OKEY,REAC_3_REAC044,NONE_NONE_NONE,NONE_NONE_NONE,NONE_NONE_NONE,NONE_NONE_NONE,NONE_NONE_NONE,LIDA_ST,1,20183HM2690889N,20183HM2690889N,1,OA,OA,1,3,3,"['N006', 'N007', 'E0003']"
INTERNET,OLOK,ORRE_2_OKEY-ORRE_2_OKEY,PRDI_2_OKEY-PRDI_2_OKEY,LORD_2_OKEY-LORD_2_OKEY,PHRD_2_OKEY-PHRD_2_OKEY,RECO_2_OKEY,WODI_2_OKEY,REAC_2_OKEY-REAC_2_OKEY,NONE_NONE_NONE,NONE_NONE_NONE,FUCO_2_OKEY,MAUP_2_OKEY-MAUP_2_OKEY,ORCN_2_OKEY-ORCN_2_OKEY,NONE,2,20262DR3484749N,20262BF347757AN,2,OLOK,OLOK,2,0,0,['N001']
INTERNET,O1,ORRE_2_OKEY,PRDI_2_OKEY,LORD_3_LORD700,NONE_NONE_NONE,NONE_NONE_NONE,NONE_NONE_NONE,NONE_NONE_NONE,NONE_NONE_NONE,NONE_NONE_NONE,NONE_NONE_NONE,NONE_NONE_NONE,NONE_NONE_NONE,LIDA_ST,2,20262EG3486399N,20260EP3096489N,2,O1,O1,2,1,1,['E0006']
SOIP,SI,ORRE_2_OKEY,PRDI_2_OKEY,LORD_2_OKEY,NONE_NONE_NONE,NONE_NONE_NONE,WODI_6_OKEY,NONE_NONE_NONE,NONE_NONE_NONE,NONE_NONE_NONE,FUCO_0_OKEY,NONE_NONE_NONE,NONE_NONE_NONE,LIDA_ST,2,20262DR3484719N,202564Q5908079N,2,SI,SI,2,2,2,"['S0003', 'N007', 'N003']"
SOIP,SA,ORRE_2_OKEY,PRDI_2_OKEY,NONE_NONE_NONE,NONE_NONE_NONE,NONE_NONE_NONE,NONE_NONE_NONE,NONE_NONE_NONE,NONE_NONE_NONE,NONE_NONE_NONE,NONE_NONE_NONE,NONE_NONE_NONE,NONE_NONE_NONE,LBCS_ST-LNOD_ST,2,202540S5900589N,202540S5900439N,2,SA,SA,2,0,0,['DS001']
PSTN,B1,ORRE_2_OKEY,PRDI_2_OKEY,LORD_2_OKEY,PHRD_2_OKEY,RECO_7_OKEY,WODI_2_OKEY,NONE_NONE_NONE,NONE_NONE_NONE,NONE_NONE_NONE,NONE_NONE_NONE,NONE_NONE_NONE,NONE_NONE_NONE,NONE,2,14177A408541091,14163H208605591,2,B1,B1,2,0,0,['D0003']
PSTN,C1,ORRE_2_OKEY,PRDI_2_OKEY,LORD_2_OKEY,PHRD_2_OKEY,RECO_0_OKEY,WODI_2_OKEY,NONE_NONE_NONE,NONE_NONE_NONE,NONE_NONE_NONE,NONE_NONE_NONE,NONE_NONE_NONE,NONE_NONE_NONE,NONE,2,20248A8262619A1,20218FA261388A1,2,C1,C1,2,1,1,['N006']
INTERNET,OB,ORRE_2_OKEY,PRDI_2_OKEY,LORD_3_LORD700,NONE_NONE_NONE,NONE_NONE_NONE,NONE_NONE_NONE,NONE_NONE_NONE,NONE_NONE_NONE,NONE_NONE_NONE,NONE_NONE_NONE,NONE_NONE_NONE,NONE_NONE_NONE,LIDA_ST,2,20262EJ3486569N,202479V6201989N,2,OB,OB,2,1,1,['E0006']
INTERNET,OF,ORRE_2_OKEY,PRDI_2_OKEY,LORD_2_OKEY,PHRD_2_OKEY,NONE_NONE_NONE,NONE_NONE_NONE,REAC_2_OKEY,NONE_NONE_NONE,NONE_NONE_NONE,NONE_NONE_NONE,MAUP_2_OKEY,ORCN_2_OKEY,LIDA_ST,2,20262DX3485819N,20258GW3151309N,2,OF,OF,2,0,0,['N001']
SOIP,SA,ORRE_2_OKEY,NONE_NONE_NONE,NONE_NONE_NONE,NONE_NONE_NONE,NONE_NONE_NONE,NONE_NONE_NONE,NONE_NONE_NONE,NONE_NONE_NONE,NONE_NONE_NONE,NONE_NONE_NONE,NONE_NONE_NONE,NONE_NONE_NONE,LBCS_ST,2,20267EF5955269N,202540S5900289N,2,SA,SA,2,0,0,['D0002']
INTERNET,OE,ORRE_2_OKEY,PRDI_2_OKEY,LORD_2_OKEY,PHRD_2_OKEY,RECO_2_OKEY,WODI_2_OKEY,REAC_2_OKEY,NONE_NONE_NONE,NONE_NONE_NONE,FUCO_2_OKEY,MAUP_2_OKEY,ORCN_2_OKEY,LIDA_ST,2,20262DX348581AN,20258GW315130AN,2,OE,OE,2,0,0,['N001']
INTERNET,OE,ORRE_2_OKEY,PRDI_2_OKEY,LORD_2_OKEY,PHRD_2_OKEY,RECO_0_OKEY,WODI_6_OKEY,NONE_NONE_NONE,NONE_NONE_NONE,NONE_NONE_NONE,NONE_NONE_NONE,NONE_NONE_NONE,NONE_NONE_NONE,LIDA_ST,2,20262GB350814AN,20113DR950362AN,2,OE,OE,2,2,2,"['N006', 'N007']"
INTERNET,OE,ORRE_2_OKEY,PRDI_2_OKEY,LORD_2_OKEY,PHRD_2_OKEY,RECO_0_OKEY,WODI_2_OKEY,NONE_NONE_NONE,NONE_NONE_NONE,NONE_NONE_NONE,NONE_NONE_NONE,NONE_NONE_NONE,NONE_NONE_NONE,LIDA_ST,2,20147FR536624AN,20115GC963717AN,2,OE,OE,2,1,1,['N006']
SOIP,SA,ORRE_2_OKEY,NONE_NONE_NONE,NONE_NONE_NONE,NONE_NONE_NONE,NONE_NONE_NONE,NONE_NONE_NONE,NONE_NONE_NONE,NONE_NONE_NONE,NONE_NONE_NONE,NONE_NONE_NONE,NONE_NONE_NONE,NONE_NONE_NONE,LNOD_ST,2,20267EU5957649N,20267EU5957279N,2,SA,SA,2,0,0,['D0002']
PSTN,N2,ORRE_2_OKEY,PRDI_2_OKEY,LORD_3_LORD057,NONE_NONE_NONE,NONE_NONE_NONE,NONE_NONE_NONE,NONE_NONE_NONE,NONE_NONE_NONE,NONE_NONE_NONE,NONE_NONE_NONE,NONE_NONE_NONE,NONE_NONE_NONE,NONE,2,202619R53515691,202619R53515291,2,N2,N2,2,1,1,['E0006']
INTERNET,OE,ORRE_2_OKEY,PRDI_0_OKEY,NONE_NONE_NONE,NONE_NONE_NONE,NONE_NONE_NONE,NONE_NONE_NONE,NONE_NONE_NONE,NONE_NONE_NONE,NONE_NONE_NONE,NONE_NONE_NONE,NONE_NONE_NONE,NONE_NONE_NONE,LIDA_ST,2,20268FJ324275AN,20239GGS45325A0,2,OE,OE,2,1,1,['N010']
PSTN,N1,ORRE_2_OKEY,PRDI_2_OKEY,LORD_2_OKEY,NONE_NONE_NONE,NONE_NONE_NONE,NONE_NONE_NONE,NONE_NONE_NONE,NONE_NONE_NONE,SWBO_0_OKEY,NONE_NONE_NONE,MAUP_2_OKEY,NONE_NONE_NONE,NONE,2,20260AS53505991,20260AM53505591,2,N1,N1,2,1,1,['N002']
SOIP,SB,ORRE_2_OKEY,PRDI_2_OKEY,LORD_2_OKEY,NONE_NONE_NONE,NONE_NONE_NONE,NONE_NONE_NONE,NONE_NONE_NONE,NONE_NONE_NONE,NONE_NONE_NONE,NONE_NONE_NONE,NONE_NONE_NONE,NONE_NONE_NONE,LIDA_ST,2,20259FI3171819N,20248HS5891669N,2,SB,SB,2,0,0,['S0003']
PSTN,C1,ORRE_2_OKEY,PRDI_2_OKEY,LORD_2_OKEY,PHRD_2_OKEY,RECO_0_OKEY,WODI_6_OKEY,NONE_NONE_NONE,NONE_NONE_NONE,NONE_NONE_NONE,NONE_NONE_NONE,NONE_NONE_NONE,NONE_NONE_NONE,NONE,2,20261F9535187A1,20258FH262679A1,2,C1,C1,2,2,2,"['N006', 'N007']"
SOIP,S1,ORRE_2_OKEY,PRDI_2_OKEY,LORD_2_OKEY,NONE_NONE_NONE,NONE_NONE_NONE,NONE_NONE_NONE,NONE_NONE_NONE,NONE_NONE_NONE,NONE_NONE_NONE,NONE_NONE_NONE,MAUP_2_OKEY,ORCN_2_OKEY,LIDA_ST,2,20262E53485949N,20260EQ3158429N,2,S1,S1,2,0,0,['N001']
IOT,UI,ORRE_2_OKEY,PRDI_2_OKEY,LORD_2_OKEY,NONE_NONE_NONE,NONE_NONE_NONE,WODI_6_OKEY,NONE_NONE_NONE,NONE_NONE_NONE,NONE_NONE_NONE,FUCO_0_OKEY,NONE_NONE_NONE,NONE_NONE_NONE,LIDA_ST,2,20266FV2301729N,20247AD6202249N,2,UI,UI,2,2,2,"['S0003', 'N007', 'N003']"
IPTV,VC,ORRE_2_OKEY,PRDI_2_OKEY,LORD_3_LORD700,NONE_NONE_NONE,NONE_NONE_NONE,NONE_NONE_NONE,NONE_NONE_NONE,NONE_NONE_NONE,NONE_NONE_NONE,NONE_NONE_NONE,NONE_NONE_NONE,NONE_NONE_NONE,LIDA_ST-LMEN_ST,2,20262DO3484659N,20258FU3150599N,2,VC,VC,2,1,1,['E0006']
IPTV,VI,ORRE_2_OKEY,PRDI_2_OKEY,LORD_2_OKEY,NONE_NONE_NONE,NONE_NONE_NONE,NONE_NONE_NONE,NONE_NONE_NONE,NONE_NONE_NONE,NONE_NONE_NONE,NONE_NONE_NONE,MAUP_2_OKEY,ORCN_2_OKEY,LIDA_ST-LMEN_ST,2,20258GD3151119N,20258EA31485591,2,VI,VI,2,0,0,['N001']
IPTV,VI,ORRE_2_OKEY,PRDI_2_OKEY,LORD_2_OKEY,NONE_NONE_NONE,NONE_NONE_NONE,NONE_NONE_NONE,NONE_NONE_NONE,NONE_NONE_NONE,NONE_NONE_NONE,NONE_NONE_NONE,MAUP_3_MAUP506,NONE_NONE_NONE,LIDA_ST-LMEN_MENE0005,2,20262GO3508479N,20248GP9452129N,2,VI,VI,2,1,1,"['E0001', 'S0005']"
INTERNET,XHXG,ORRE_2_OKEY-ORRE_2_OKEY,PRDI_2_OKEY-PRDI_2_OKEY,LORD_3_LORD700-LORD_3_LORD700,NONE_NONE_NONE,NONE_NONE_NONE,NONE_NONE_NONE,NONE_NONE_NONE,NONE_NONE_NONE,NONE_NONE_NONE,NONE_NONE_NONE,NONE_NONE_NONE,NONE_NONE_NONE,NONE,2,202479N620113AN,20246I1318626AN,2,XHXG,XHXG,2,2,2,['E0006']
IPTV,V1,ORRE_2_OKEY,PRDI_2_OKEY,LORD_2_OKEY,NONE_NONE_NONE,NONE_NONE_NONE,NONE_NONE_NONE,NONE_NONE_NONE,NONE_NONE_NONE,NONE_NONE_NONE,NONE_NONE_NONE,MAUP_3_MAUP505,NONE_NONE_NONE,LIDA_ST-LMEN_ST,2,20260HG3406989N,20260GI3388309N,2,V1,V1,2,1,1,['E0001']
IOT,U2,ORRE_2_OKEY,PRDI_2_OKEY,LORD_2_OKEY,NONE_NONE_NONE,NONE_NONE_NONE,NONE_NONE_NONE,NONE_NONE_NONE,NONE_NONE_NONE,NONE_NONE_NONE,NONE_NONE_NONE,NONE_NONE_NONE,NONE_NONE_NONE,LIDA_ST,2,20270K14884469N,20246K23186869N,2,U2,U2,2,0,0,['S0003']
IPTV,VI,ORRE_2_OKEY,PRDI_2_OKEY,LORD_2_OKEY,NONE_NONE_NONE,NONE_NONE_NONE,NONE_NONE_NONE,NONE_NONE_NONE,NONE_NONE_NONE,NONE_NONE_NONE,NONE_NONE_NONE,NONE_NONE_NONE,NONE_NONE_NONE,LIDA_ST-LMEN_MENE0012,2,20261GL3454129N,20261GL3454109N,2,VI,VI,2,0,0,['S0005']
INTERNET,XHXG,ORRE_2_OKEY-ORRE_2_OKEY,PRDI_2_OKEY-PRDI_2_OKEY,LORD_2_OKEY-LORD_2_OKEY,PHRD_2_OKEY-PHRD_2_OKEY,RECO_2_OKEY,WODI_2_OKEY,REAC_2_OKEY-REAC_2_OKEY,NONE_NONE_NONE,NONE_NONE_NONE,FUCO_2_OKEY,MAUP_2_OKEY-MAUP_2_OKEY,ORCN_2_OKEY-ORCN_2_OKEY,NONE,2,20262DT348507AN,20260EW338459AN,2,XHXG,XHXG,2,0,0,['N001']
IOT,UA,ORRE_2_OKEY,PRDI_2_OKEY,LORD_2_OKEY,NONE_NONE_NONE,NONE_NONE_NONE,WODI_2_OKEY,NONE_NONE_NONE,NONE_NONE_NONE,NONE_NONE_NONE,FUCO_2_OKEY,MAUP_3_MAUP708,NONE_NONE_NONE,LIDA_ST,2,20210I75663989N,20202DY1072099N,2,UA,UA,2,1,1,"['E0001', 'S0003']"
IOT,UC,ORRE_2_OKEY,PRDI_2_OKEY,LORD_2_OKEY,NONE_NONE_NONE,NONE_NONE_NONE,WODI_2_OKEY,NONE_NONE_NONE,NONE_NONE_NONE,NONE_NONE_NONE,FUCO_2_OKEY,MAUP_2_OKEY,ORCN_2_OKEY,LIDA_ST,2,20262ED3486189N,20147EA5365659N,2,UC,UC,2,0,0,"['N001', 'S0003']"
SOIP,SI,ORRE_2_OKEY,PRDI_0_OKEY,NONE_NONE_NONE,NONE_NONE_NONE,NONE_NONE_NONE,NONE_NONE_NONE,NONE_NONE_NONE,NONE_NONE_NONE,NONE_NONE_NONE,NONE_NONE_NONE,NONE_NONE_NONE,NONE_NONE_NONE,LNOD_ST,2,20266IK2302029N,20266HO2301829N,2,SI,SI,2,1,1,['N010']
INTERNET,XHXG,ORRE_2_OKEY-ORRE_2_OKEY,PRDI_2_OKEY-PRDI_2_OKEY,LORD_2_OKEY-LORD_2_OKEY,PHRD_2_OKEY-PHRD_2_OKEY,RECO_0_OKEY,WODI_6_OKEY,REAC_6_OKEY,NONE_NONE_NONE,NONE_NONE_NONE,NONE_NONE_NONE,NONE_NONE_NONE,NONE_NONE_NONE,NONE,2,20262EW348699AN,20252DJ248163AN,2,XHXG,XHXG,2,3,3,"['N005', 'N006', 'N007']"
IOT,UI,ORRE_2_OKEY,PRDI_2_OKEY,LORD_2_OKEY,NONE_NONE_NONE,NONE_NONE_NONE,NONE_NONE_NONE,NONE_NONE_NONE,NONE_NONE_NONE,NONE_NONE_NONE,NONE_NONE_NONE,NONE_NONE_NONE,NONE_NONE_NONE,LIDA_ST,2,20253FM2282189N,20253FB2282069N,2,UI,UI,2,0,0,['S0003']
IOT,UI,ORRE_2_OKEY,PRDI_0_OKEY,NONE_NONE_NONE,NONE_NONE_NONE,NONE_NONE_NONE,NONE_NONE_NONE,NONE_NONE_NONE,NONE_NONE_NONE,NONE_NONE_NONE,NONE_NONE_NONE,NONE_NONE_NONE,NONE_NONE_NONE,LIDA_ST,2,20246CG3172039N,20243802680119N,2,UI,UI,2,1,1,['N010']
IOT,UB,ORRE_2_OKEY,PRDI_2_OKEY,LORD_2_OKEY,NONE_NONE_NONE,NONE_NONE_NONE,WODI_2_OKEY,NONE_NONE_NONE,NONE_NONE_NONE,NONE_NONE_NONE,NONE_NONE_NONE,MAUP_2_OKEY,ORCN_2_OKEY,LIDA_CP,2,20262FL3507229N,19354FF5402369N,2,UB,UB,2,0,0,['N001']
INTERNET,X1,ORRE_2_OKEY,PRDI_2_OKEY,LORD_2_OKEY,NONE_NONE_NONE,NONE_NONE_NONE,NONE_NONE_NONE,REAC_6_OKEY,NONE_NONE_NONE,NONE_NONE_NONE,NONE_NONE_NONE,NONE_NONE_NONE,NONE_NONE_NONE,LIDA_ST,2,20260EH2137939N,20260EH2048869N,2,X1,X1,2,1,1,['N005']
IOT,UB,ORRE_2_OKEY,PRDI_0_OKEY,NONE_NONE_NONE,NONE_NONE_NONE,NONE_NONE_NONE,NONE_NONE_NONE,NONE_NONE_NONE,NONE_NONE_NONE,NONE_NONE_NONE,NONE_NONE_NONE,NONE_NONE_NONE,NONE_NONE_NONE,LIDA_ST,2,20267EJ2314899N,20260E87080219N,2,UB,UB,2,1,1,['N010']
INTERNET,XB,ORRE_2_OKEY,PRDI_0_OKEY,NONE_NONE_NONE,NONE_NONE_NONE,NONE_NONE_NONE,NONE_NONE_NONE,NONE_NONE_NONE,NONE_NONE_NONE,NONE_NONE_NONE,NONE_NONE_NONE,NONE_NONE_NONE,NONE_NONE_NONE,LIDA_ST,2,20259ER3170209N,20248J29452759N,2,XB,XB,2,1,1,['N010']
PSTN,N2,ORRE_2_OKEY,PRDI_2_OKEY,LORD_2_OKEY,NONE_NONE_NONE,NONE_NONE_NONE,NONE_NONE_NONE,REAC_6_OKEY,NONE_NONE_NONE,NONE_NONE_NONE,NONE_NONE_NONE,NONE_NONE_NONE,NONE_NONE_NONE,NONE,3,20261GY53525691,202619R53515491,3,N2,N2,3,1,1,['N005']
IPTV,VE,ORRE_2_OKEY,PRDI_2_OKEY,LORD_2_OKEY,NONE_NONE_NONE,NONE_NONE_NONE,WODI_2_OKEY,REAC_2_OKEY,NONE_NONE_NONE,NONE_NONE_NONE,FUCO_2_OKEY,MAUP_2_OKEY,ORCN_2_OKEY,LIDA_ST-LMEN_ST,3,20258GX315134AN,20258GX315132AN,3,VE,VE,3,0,0,['N001']
PSTN,N3,ORRE_2_OKEY,PRDI_2_OKEY,LORD_2_OKEY,NONE_NONE_NONE,NONE_NONE_NONE,NONE_NONE_NONE,REAC_6_OKEY,NONE_NONE_NONE,NONE_NONE_NONE,NONE_NONE_NONE,NONE_NONE_NONE,NONE_NONE_NONE,NONE,3,20259FA53501291,20259EF53500291,3,N3,N3,3,1,1,['N005']
IPTV,V2,ORRE_2_OKEY,PRDI_0_OKEY,NONE_NONE_NONE,NONE_NONE_NONE,NONE_NONE_NONE,NONE_NONE_NONE,NONE_NONE_NONE,NONE_NONE_NONE,NONE_NONE_NONE,NONE_NONE_NONE,NONE_NONE_NONE,NONE_NONE_NONE,LIDA_ST,3,20262G73508049N,20246HE3185279N,3,V2,V2,3,1,1,['N010']
INTERNET,OA,ORRE_2_OKEY,PRDI_2_OKEY,NONE_NONE_NONE,NONE_NONE_NONE,NONE_NONE_NONE,NONE_NONE_NONE,NONE_NONE_NONE,NONE_NONE_NONE,NONE_NONE_NONE,NONE_NONE_NONE,NONE_NONE_NONE,NONE_NONE_NONE,LIDA_ST,3,20247AJ6202509N,202479T6201909N,3,OA,OA,3,0,0,['DI001']
IOT,UA,ORRE_2_OKEY,PRDI_2_OKEY,LORD_2_OKEY,NONE_NONE_NONE,NONE_NONE_NONE,WODI_2_OKEY,NONE_NONE_NONE,NONE_NONE_NONE,NONE_NONE_NONE,FUCO_2_OKEY,MAUP_3_MAUP709,NONE_NONE_NONE,LIDA_ST,3,20255FA3101579N,20147AE5354589N,3,UA,UA,3,1,1,"['E0001', 'S0003']"
SOIP,SI,ORRE_2_OKEY,PRDI_2_OKEY,LORD_2_OKEY,NONE_NONE_NONE,NONE_NONE_NONE,NONE_NONE_NONE,NONE_NONE_NONE,NONE_NONE_NONE,NONE_NONE_NONE,NONE_NONE_NONE,MAUP_2_OKEY,ORCN_2_OKEY,LBCS_CP,3,20262E73485979N,20246DI5883109N,3,SI,SI,3,0,0,['N001']
INTERNET,OA,ORRE_2_OKEY,PRDI_2_OKEY,LORD_3_LORD600,NONE_NONE_NONE,NONE_NONE_NONE,NONE_NONE_NONE,NONE_NONE_NONE,NONE_NONE_NONE,NONE_NONE_NONE,NONE_NONE_NONE,NONE_NONE_NONE,NONE_NONE_NONE,LIDA_ST,3,20269HR5129559N,202479V6201989N,3,OA,OA,3,1,1,['E0006']
SOIP,SA,ORRE_2_OKEY,PRDI_2_OKEY,LORD_2_OKEY,NONE_NONE_NONE,NONE_NONE_NONE,WODI_2_OKEY,NONE_NONE_NONE,NONE_NONE_NONE,NONE_NONE_NONE,FUCO_2_OKEY,MAUP_2_OKEY,ORCN_2_OKEY,LIDA_ST,3,20262DM3484589N,20233B04604389N,3,SA,SA,3,0,0,['N001']
IPTV,V1,ORRE_2_OKEY,PRDI_2_OKEY,LORD_2_OKEY,NONE_NONE_NONE,NONE_NONE_NONE,NONE_NONE_NONE,NONE_NONE_NONE,NONE_NONE_NONE,NONE_NONE_NONE,NONE_NONE_NONE,MAUP_2_OKEY,ORCN_2_OKEY,LIDA_ST-LMEN_ST,3,TESTSLCLI603052,20262DL3484539N,3,V1,V1,3,0,0,['N001']
SOIP,SB,ORRE_2_OKEY,PRDI_2_OKEY,LORD_3_LORD700,NONE_NONE_NONE,NONE_NONE_NONE,NONE_NONE_NONE,NONE_NONE_NONE,NONE_NONE_NONE,NONE_NONE_NONE,NONE_NONE_NONE,NONE_NONE_NONE,NONE_NONE_NONE,LBCS_ST-LNOD_CP,3,20261MD5938619N,202563P5907989N,3,SB,SB,3,1,1,['E0006']
SOIP,SB,ORRE_2_OKEY,PRDI_2_OKEY,LORD_3_LORD700,NONE_NONE_NONE,NONE_NONE_NONE,NONE_NONE_NONE,NONE_NONE_NONE,NONE_NONE_NONE,NONE_NONE_NONE,NONE_NONE_NONE,NONE_NONE_NONE,NONE_NONE_NONE,LIDA_ST,3,20262IF3514099N,20257IW5908239N,3,SB,SB,3,1,1,['E0006']
SOIP,S2,ORRE_2_OKEY,PRDI_2_OKEY,LORD_3_LORD700,NONE_NONE_NONE,NONE_NONE_NONE,NONE_NONE_NONE,NONE_NONE_NONE,NONE_NONE_NONE,NONE_NONE_NONE,NONE_NONE_NONE,NONE_NONE_NONE,NONE_NONE_NONE,LIDA_ST,3,20268FG5970339N,20262I03513819N,3,S2,S2,3,1,1,['E0006']
INTERNET,O1,ORRE_2_OKEY,PRDI_2_OKEY,LORD_3_LORD502,NONE_NONE_NONE,NONE_NONE_NONE,NONE_NONE_NONE,NONE_NONE_NONE,NONE_NONE_NONE,NONE_NONE_NONE,NONE_NONE_NONE,NONE_NONE_NONE,NONE_NONE_NONE,LIDA_ST,3,20260GQ3396919N,20260EH2112599N,3,O1,O1,3,1,1,['E0006']
IOT,UA,ORRE_2_OKEY,PRDI_2_OKEY,NONE_NONE_NONE,NONE_NONE_NONE,NONE_NONE_NONE,NONE_NONE_NONE,NONE_NONE_NONE,NONE_NONE_NONE,NONE_NONE_NONE,NONE_NONE_NONE,NONE_NONE_NONE,NONE_NONE_NONE,LIDA_ST,3,20247AK6202539N,202479U6201959N,3,UA,UA,3,0,0,['DS001']
SOIP,SA,ORRE_2_OKEY,PRDI_0_OKEY,NONE_NONE_NONE,NONE_NONE_NONE,NONE_NONE_NONE,NONE_NONE_NONE,NONE_NONE_NONE,NONE_NONE_NONE,NONE_NONE_NONE,NONE_NONE_NONE,NONE_NONE_NONE,NONE_NONE_NONE,LIDA_ST,3,20262DI3477899N,20245LE9415829N,3,SA,SA,3,1,1,['N010']
PSTN,N2,ORRE_2_OKEY,PRDI_2_OKEY,LORD_2_OKEY,NONE_NONE_NONE,NONE_NONE_NONE,NONE_NONE_NONE,NONE_NONE_NONE,NONE_NONE_NONE,SWBO_0_OKEY,NONE_NONE_NONE,MAUP_2_OKEY,NONE_NONE_NONE,NONE,3,20262BH53526891,20260AR53505791,3,N2,N2,3,1,1,['N002']
IPTV,VA,ORRE_2_OKEY,PRDI_2_OKEY,LORD_3_LORD600,NONE_NONE_NONE,NONE_NONE_NONE,NONE_NONE_NONE,NONE_NONE_NONE,NONE_NONE_NONE,NONE_NONE_NONE,NONE_NONE_NONE,NONE_NONE_NONE,NONE_NONE_NONE,LIDA_ST-LMEN_MENE0005,3,20262FO3507329N,20259AV3167239N,3,VA,VA,3,1,1,['E0006']
INTERNET,XI,ORRE_2_OKEY,PRDI_2_OKEY,LORD_3_LORD035,NONE_NONE_NONE,NONE_NONE_NONE,NONE_NONE_NONE,NONE_NONE_NONE,NONE_NONE_NONE,NONE_NONE_NONE,NONE_NONE_NONE,NONE_NONE_NONE,NONE_NONE_NONE,LIDA_ST,3,20262EP3486899N,17110JE36818190,3,XI,XI,3,1,1,['E0006']
SOIP,SI,ORRE_2_OKEY,PRDI_2_OKEY,LORD_2_OKEY,NONE_NONE_NONE,NONE_NONE_NONE,NONE_NONE_NONE,NONE_NONE_NONE,NONE_NONE_NONE,NONE_NONE_NONE,NONE_NONE_NONE,MAUP_2_OKEY,ORCN_2_OKEY,LBCS_CP-LNOD_CP,3,202479R5888349N,20246DR5883199N,3,SI,SI,3,0,0,['N001']
IPTV,VI,ORRE_2_OKEY,PRDI_2_OKEY,LORD_2_OKEY,NONE_NONE_NONE,NONE_NONE_NONE,WODI_6_OKEY,REAC_2_OKEY,NONE_NONE_NONE,NONE_NONE_NONE,FUCO_0_OKEY,NONE_NONE_NONE,NONE_NONE_NONE,LIDA_ST-LMEN_MENE0005,3,20265EF1013559N,20255GD3101749N,3,VI,VI,3,2,2,"['N007', 'N003']"
SOIP,SA,ORRE_2_OKEY,PRDI_2_OKEY,LORD_3_LORD700,NONE_NONE_NONE,NONE_NONE_NONE,NONE_NONE_NONE,NONE_NONE_NONE,NONE_NONE_NONE,NONE_NONE_NONE,NONE_NONE_NONE,NONE_NONE_NONE,NONE_NONE_NONE,LBCS_ST-LNOD_ST,3,20261MK5938639N,202563R5908029N,3,SA,SA,3,1,1,['E0006']
INTERNET,O1,ORRE_2_OKEY,PRDI_2_OKEY,LORD_2_OKEY,NONE_NONE_NONE,NONE_NONE_NONE,NONE_NONE_NONE,REAC_2_OKEY,NONE_NONE_NONE,NONE_NONE_NONE,NONE_NONE_NONE,MAUP_2_OKEY,ORCN_2_OKEY,LIDA_ST,3,20262EY3487059N,20262BK3477709N,3,O1,O1,3,0,0,['N001']
INTERNET,OF,ORRE_2_OKEY,PRDI_2_OKEY,LORD_3_LORD035,NONE_NONE_NONE,NONE_NONE_NONE,NONE_NONE_NONE,NONE_NONE_NONE,NONE_NONE_NONE,NONE_NONE_NONE,NONE_NONE_NONE,NONE_NONE_NONE,NONE_NONE_NONE,LIDA_ST,3,20260EM2680809N,20239GGS4532590,3,OF,OF,3,1,1,['E0006']
SOIP,SA,ORRE_2_OKEY,PRDI_2_OKEY,LORD_3_LORD700,NONE_NONE_NONE,NONE_NONE_NONE,NONE_NONE_NONE,NONE_NONE_NONE,NONE_NONE_NONE,NONE_NONE_NONE,NONE_NONE_NONE,NONE_NONE_NONE,NONE_NONE_NONE,LBCS_ST,3,20261MD5938619N,202563P5907989N,3,SA,SA,3,1,1,['E0006']
IPTV,VE,ORRE_2_OKEY,PRDI_2_OKEY,LORD_2_OKEY,NONE_NONE_NONE,NONE_NONE_NONE,WODI_6_OKEY,NONE_NONE_NONE,NONE_NONE_NONE,NONE_NONE_NONE,FUCO_0_OKEY,NONE_NONE_NONE,NONE_NONE_NONE,LIDA_ST-LMEN_MENE0005,3,20262FU350767AN,20262FU350762AN,3,VE,VE,3,2,2,"['N007', 'N003']"
INTERNET,X2,ORRE_2_OKEY,PRDI_2_OKEY,LORD_2_OKEY,NONE_NONE_NONE,NONE_NONE_NONE,NONE_NONE_NONE,REAC_2_OKEY,NONE_NONE_NONE,NONE_NONE_NONE,NONE_NONE_NONE,MAUP_2_OKEY,ORCN_2_OKEY,LIDA_ST,3,182729V0105229N,182359F2362839N,3,X2,X2,3,0,0,['N001']
IPTV,VF,ORRE_2_OKEY,PRDI_0_OKEY,LORD_2_OKEY,NONE_NONE_NONE,NONE_NONE_NONE,NONE_NONE_NONE,NONE_NONE_NONE,NONE_NONE_NONE,NONE_NONE_NONE,NONE_NONE_NONE,MAUP_2_OKEY,ORCN_2_OKEY,LIDA_ST,4,20262GB3508189N,20258GX3151329N,4,VF,VF,4,1,1,"['N001', 'N010']"
INTERNET,OA,ORRE_2_OKEY,PRDI_2_OKEY,LORD_2_OKEY,PHRD_2_OKEY,RECO_0_OKEY,WODI_2_OKEY,NONE_NONE_NONE,NONE_NONE_NONE,NONE_NONE_NONE,NONE_NONE_NONE,NONE_NONE_NONE,NONE_NONE_NONE,LIDA_ST,4,20258G03150729N,20037DQ6970609N,4,OA,OA,4,1,1,['N006']
IPTV,VC,ORRE_2_OKEY,PRDI_0_OKEY,NONE_NONE_NONE,NONE_NONE_NONE,NONE_NONE_NONE,NONE_NONE_NONE,NONE_NONE_NONE,NONE_NONE_NONE,NONE_NONE_NONE,NONE_NONE_NONE,NONE_NONE_NONE,NONE_NONE_NONE,LIDA_ST,4,20268H2324302AN,19245BM615383AN,4,VC,VC,4,1,1,['N010']
IPTV,VB,ORRE_2_OKEY,PRDI_2_OKEY,LORD_3_LORD700,NONE_NONE_NONE,NONE_NONE_NONE,NONE_NONE_NONE,NONE_NONE_NONE,NONE_NONE_NONE,NONE_NONE_NONE,NONE_NONE_NONE,NONE_NONE_NONE,NONE_NONE_NONE,LIDA_ST-LMEN_ST,4,20262DR3484729N,20258FE3149399N,4,VB,VB,4,1,1,['E0006']
PSTN,J1,ORRE_2_OKEY,PRDI_2_OKEY,LORD_3_LORD047,NONE_NONE_NONE,NONE_NONE_NONE,NONE_NONE_NONE,NONE_NONE_NONE,NONE_NONE_NONE,NONE_NONE_NONE,NONE_NONE_NONE,NONE_NONE_NONE,NONE_NONE_NONE,NONE,4,202659X53531191,202659W53530791,4,J1,J1,4,1,1,['E0006']
PSTN,J1,ORRE_2_OKEY,PRDI_2_OKEY,LORD_3_LORD101,NONE_NONE_NONE,NONE_NONE_NONE,NONE_NONE_NONE,NONE_NONE_NONE,NONE_NONE_NONE,NONE_NONE_NONE,NONE_NONE_NONE,NONE_NONE_NONE,NONE_NONE_NONE,NONE,4,20260I8535122A1,20259FD53501491,4,J1,J1,4,1,1,['E0006']
PSTN,N3,ORRE_2_OKEY,PRDI_2_OKEY,LORD_3_LORD700,NONE_NONE_NONE,NONE_NONE_NONE,NONE_NONE_NONE,NONE_NONE_NONE,NONE_NONE_NONE,NONE_NONE_NONE,NONE_NONE_NONE,NONE_NONE_NONE,NONE_NONE_NONE,NONE,4,20260EG53507791,20259HR53503891,4,N3,N3,4,1,1,['E0006']
SOIP,SI,ORRE_2_OKEY,PRDI_2_OKEY,LORD_2_OKEY,NONE_NONE_NONE,NONE_NONE_NONE,WODI_6_OKEY,NONE_NONE_NONE,NONE_NONE_NONE,NONE_NONE_NONE,FUCO_0_OKEY,NONE_NONE_NONE,NONE_NONE_NONE,LBCS_ST,4,202658A0960059N,20253BW2281679N,4,SI,SI,4,2,2,"['N007', 'N003']"
INTERNET,O2,ORRE_2_OKEY,PRDI_2_OKEY,LORD_2_OKEY,NONE_NONE_NONE,NONE_NONE_NONE,NONE_NONE_NONE,REAC_2_OKEY,NONE_NONE_NONE,NONE_NONE_NONE,NONE_NONE_NONE,MAUP_2_OKEY,ORCN_2_OKEY,LIDA_ST,4,20262FE3500069N,18268AF8695959N,4,O2,O2,4,0,0,['N001']
INTERNET,O2,ORRE_2_OKEY,PRDI_0_OKEY,NONE_NONE_NONE,NONE_NONE_NONE,NONE_NONE_NONE,NONE_NONE_NONE,NONE_NONE_NONE,NONE_NONE_NONE,NONE_NONE_NONE,NONE_NONE_NONE,NONE_NONE_NONE,NONE_NONE_NONE,LIDA_ST,5,20261FH3450789N,20246IB3186339N,5,O2,O2,5,1,1,['N010']
IOT,UA,ORRE_2_OKEY,PRDI_2_OKEY,LORD_2_OKEY,NONE_NONE_NONE,NONE_NONE_NONE,WODI_2_OKEY,NONE_NONE_NONE,NONE_NONE_NONE,NONE_NONE_NONE,FUCO_2_OKEY,MAUP_2_OKEY,ORCN_2_OKEY,LIDA_ST,5,20266FD2301649N,190819V1281949N,5,UA,UA,5,0,0,"['N001', 'S0003']"
PSTN,B1,ORRE_2_OKEY,PRDI_2_OKEY,LORD_2_OKEY,NONE_NONE_NONE,NONE_NONE_NONE,NONE_NONE_NONE,NONE_NONE_NONE,NONE_NONE_NONE,NONE_NONE_NONE,NONE_NONE_NONE,MAUP_3_MAUP119,NONE_NONE_NONE,NONE,5,20261FL53523991,20261FL53523291,5,B1,B1,5,1,1,['E0001']
SOIP,SB,ORRE_2_OKEY,PRDI_2_OKEY,LORD_1_OKEY,NONE_NONE_NONE,NONE_NONE_NONE,NONE_NONE_NONE,NONE_NONE_NONE,NONE_NONE_NONE,NONE_NONE_NONE,NONE_NONE_NONE,NONE_NONE_NONE,NONE_NONE_NONE,LBCS_ST-LNOD_ST,5,20267GT5959919N,20267GT5959469N,5,SB,SB,5,0,0,['DS001']
PSTN,EO,ORRE_2_OKEY,PRDI_2_OKEY,LORD_2_OKEY,NONE_NONE_NONE,NONE_NONE_NONE,NONE_NONE_NONE,NONE_NONE_NONE,NONE_NONE_NONE,SWBO_0_OKEY,NONE_NONE_NONE,MAUP_2_OKEY,NONE_NONE_NONE,NONE,5,20262GD53530091,20261FL53523191,5,EO,EO,5,1,1,['N002']
SOIP,S2,ORRE_2_OKEY,PRDI_2_OKEY,LORD_2_OKEY,NONE_NONE_NONE,NONE_NONE_NONE,NONE_NONE_NONE,NONE_NONE_NONE,NONE_NONE_NONE,NONE_NONE_NONE,NONE_NONE_NONE,MAUP_2_OKEY,ORCN_2_OKEY,LBCS_CP,5,202689J3238629N,202689E3235349N,5,S2,S2,5,0,0,['N001']
INTERNET,OE,ORRE_2_OKEY,PRDI_2_OKEY,LORD_3_LORD033,NONE_NONE_NONE,NONE_NONE_NONE,NONE_NONE_NONE,NONE_NONE_NONE,NONE_NONE_NONE,NONE_NONE_NONE,NONE_NONE_NONE,NONE_NONE_NONE,NONE_NONE_NONE,LIDA_ST,5,20262FU350760AN,202479G619663AN,5,OE,OE,5,1,1,['E0006']
SOIP,S1,ORRE_2_OKEY,PRDI_2_OKEY,LORD_3_LORD700,NONE_NONE_NONE,NONE_NONE_NONE,NONE_NONE_NONE,NONE_NONE_NONE,NONE_NONE_NONE,NONE_NONE_NONE,NONE_NONE_NONE,NONE_NONE_NONE,NONE_NONE_NONE,LIDA_ST,5,20268F65969299N,20263B65946069N,5,S1,S1,5,1,1,['E0006']
PSTN,J1,ORRE_2_OKEY,PRDI_2_OKEY,LORD_3_LORD700,NONE_NONE_NONE,NONE_NONE_NONE,NONE_NONE_NONE,NONE_NONE_NONE,NONE_NONE_NONE,NONE_NONE_NONE,NONE_NONE_NONE,NONE_NONE_NONE,NONE_NONE_NONE,NONE,5,20261FN53524291,20260FC53508591,5,J1,J1,5,1,1,['E0006']
INTERNET,XI,ORRE_2_OKEY,PRDI_2_OKEY,LORD_3_LORD700,NONE_NONE_NONE,NONE_NONE_NONE,NONE_NONE_NONE,NONE_NONE_NONE,NONE_NONE_NONE,NONE_NONE_NONE,NONE_NONE_NONE,NONE_NONE_NONE,NONE_NONE_NONE,LIDA_ST,5,20253EE2281919N,20246HP3186119N,5,XI,XI,5,1,1,['E0006']
PSTN,J2,ORRE_2_OKEY,PRDI_2_OKEY,LORD_3_LORD101,NONE_NONE_NONE,NONE_NONE_NONE,NONE_NONE_NONE,NONE_NONE_NONE,NONE_NONE_NONE,NONE_NONE_NONE,NONE_NONE_NONE,NONE_NONE_NONE,NONE_NONE_NONE,NONE,5,20262EC53527991,20260HS53510391,5,J2,J2,5,1,1,['E0006']
IPTV,VC,ORRE_2_OKEY,PRDI_2_OKEY,LORD_2_OKEY,NONE_NONE_NONE,NONE_NONE_NONE,NONE_NONE_NONE,NONE_NONE_NONE,NONE_NONE_NONE,NONE_NONE_NONE,NONE_NONE_NONE,MAUP_2_OKEY,ORCN_2_OKEY,LIDA_ST-LMEN_ST,5,20262EB348605AN,20262C4347781AN,5,VC,VC,5,0,0,['N001']
IPTV,V1,ORRE_2_OKEY,PRDI_2_OKEY,LORD_3_LORD700,NONE_NONE_NONE,NONE_NONE_NONE,NONE_NONE_NONE,NONE_NONE_NONE,NONE_NONE_NONE,NONE_NONE_NONE,NONE_NONE_NONE,NONE_NONE_NONE,NONE_NONE_NONE,LIDA_ST-LMEN_ST,6,20261103416779N,20258F63149119N,6,V1,V1,6,1,1,['E0006']
PSTN,B1,ORRE_2_OKEY,PRDI_2_OKEY,LORD_2_OKEY,NONE_NONE_NONE,NONE_NONE_NONE,NONE_NONE_NONE,NONE_NONE_NONE,NONE_NONE_NONE,SWBO_0_OKEY,NONE_NONE_NONE,MAUP_2_OKEY,NONE_NONE_NONE,NONE,6,20262FT53529191,20261FL53523191,6,B1,B1,6,1,1,['N002']
SOIP,SA,ORRE_2_OKEY,PRDI_2_OKEY,LORD_2_OKEY,NONE_NONE_NONE,NONE_NONE_NONE,WODI_6_OKEY,REAC_2_OKEY,NONE_NONE_NONE,NONE_NONE_NONE,FUCO_0_OKEY,NONE_NONE_NONE,NONE_NONE_NONE,LIDA_ST,6,20265I05947089N,20017JX0467819N,6,SA,SA,6,2,2,"['N007', 'N003']"
IOT,U1,ORRE_2_OKEY,PRDI_2_OKEY,LORD_2_OKEY,NONE_NONE_NONE,NONE_NONE_NONE,NONE_NONE_NONE,NONE_NONE_NONE,NONE_NONE_NONE,NONE_NONE_NONE,NONE_NONE_NONE,NONE_NONE_NONE,NONE_NONE_NONE,LIDA_ST,6,20262IL3514189N,20260EL2580149N,6,U1,U1,6,0,0,['S0003']
IPTV,VI,ORRE_2_OKEY,PRDI_2_OKEY,LORD_2_OKEY,NONE_NONE_NONE,NONE_NONE_NONE,NONE_NONE_NONE,NONE_NONE_NONE,NONE_NONE_NONE,NONE_NONE_NONE,NONE_NONE_NONE,MAUP_3_MAUP505,NONE_NONE_NONE,LIDA_ST-LMEN_ST,6,20261GL3454159N,20258G73150799N,6,VI,VI,6,1,1,['E0001']
SOIP,SI,ORRE_2_OKEY,PRDI_0_OKEY,NONE_NONE_NONE,NONE_NONE_NONE,NONE_NONE_NONE,NONE_NONE_NONE,NONE_NONE_NONE,NONE_NONE_NONE,NONE_NONE_NONE,NONE_NONE_NONE,NONE_NONE_NONE,NONE_NONE_NONE,LBCS_ST-LNOD_ST,6,20267EU2314949N,20251AH1420839N,6,SI,SI,6,1,1,['N010']
INTERNET,OE,ORRE_2_OKEY,PRDI_2_OKEY,LORD_2_OKEY,PHRD_3_PHRD012,NONE_NONE_NONE,NONE_NONE_NONE,NONE_NONE_NONE,NONE_NONE_NONE,NONE_NONE_NONE,NONE_NONE_NONE,NONE_NONE_NONE,NONE_NONE_NONE,LIDA_ST,6,20262FR350747AN,20246EJ317239BN,6,OE,OE,6,1,1,['E0005']
IPTV,VA,ORRE_2_OKEY,PRDI_2_OKEY,LORD_2_OKEY,NONE_NONE_NONE,NONE_NONE_NONE,WODI_2_OKEY,REAC_2_OKEY,NONE_NONE_NONE,NONE_NONE_NONE,FUCO_2_OKEY,MAUP_2_OKEY,ORCN_2_OKEY,LIDA_ST-LMEN_ST,6,20262EF3486259N,20258DY3148479N,6,VA,VA,6,0,0,['N001']
IPTV,VI,ORRE_2_OKEY,PRDI_2_OKEY,LORD_3_LORD997,NONE_NONE_NONE,NONE_NONE_NONE,NONE_NONE_NONE,NONE_NONE_NONE,NONE_NONE_NONE,NONE_NONE_NONE,NONE_NONE_NONE,NONE_NONE_NONE,NONE_NONE_NONE,LIDA_ST-LMEN_MENE0005,6,20261IE3456379N,20247BQ6202939N,6,VI,VI,6,1,1,['E0006']
INTERNET,OA,ORRE_2_OKEY,NONE_NONE_NONE,LORD_2_OKEY,PHRD_3_PHRD012,NONE_NONE_NONE,NONE_NONE_NONE,NONE_NONE_NONE,NONE_NONE_NONE,NONE_NONE_NONE,NONE_NONE_NONE,NONE_NONE_NONE,NONE_NONE_NONE,LIDA_ST,7,20258EM3148879N,20246HG3185309N,7,OA,OA,7,1,1,['E0005']
PSTN,N2,ORRE_2_OKEY,PRDI_2_OKEY,LORD_3_LORD700,NONE_NONE_NONE,NONE_NONE_NONE,NONE_NONE_NONE,NONE_NONE_NONE,NONE_NONE_NONE,NONE_NONE_NONE,NONE_NONE_NONE,NONE_NONE_NONE,NONE_NONE_NONE,NONE,7,20260EP53507991,20245GI26261491,7,N2,N2,7,1,1,['E0006']
SOIP,SB,ORRE_2_OKEY,PRDI_0_OKEY,NONE_NONE_NONE,NONE_NONE_NONE,NONE_NONE_NONE,NONE_NONE_NONE,NONE_NONE_NONE,NONE_NONE_NONE,NONE_NONE_NONE,NONE_NONE_NONE,NONE_NONE_NONE,NONE_NONE_NONE,LIDA_ST,7,20259GA3172639N,20245LE9415829N,7,SB,SB,7,1,1,['N010']
IPTV,VI,ORRE_2_OKEY,PRDI_2_OKEY,LORD_3_LORD700,NONE_NONE_NONE,NONE_NONE_NONE,NONE_NONE_NONE,NONE_NONE_NONE,NONE_NONE_NONE,NONE_NONE_NONE,NONE_NONE_NONE,NONE_NONE_NONE,NONE_NONE_NONE,LIDA_ST-LMEN_ST,7,20262EL3486799N,20253FE2282089N,7,VI,VI,7,1,1,['E0006']
SOIP,SB,ORRE_2_OKEY,PRDI_2_OKEY,NONE_NONE_NONE,NONE_NONE_NONE,NONE_NONE_NONE,NONE_NONE_NONE,NONE_NONE_NONE,NONE_NONE_NONE,NONE_NONE_NONE,NONE_NONE_NONE,NONE_NONE_NONE,NONE_NONE_NONE,LBCS_ST-LNOD_ST,7,20267GT5959879N,20267GT5959529N,7,SB,SB,7,0,0,['DS001']
SOIP,SA,ORRE_2_OKEY,NONE_NONE_NONE,NONE_NONE_NONE,NONE_NONE_NONE,NONE_NONE_NONE,NONE_NONE_NONE,NONE_NONE_NONE,NONE_NONE_NONE,NONE_NONE_NONE,NONE_NONE_NONE,NONE_NONE_NONE,NONE_NONE_NONE,NONE,7,20267EU5957989N,20267EG5955319N,7,SA,SA,7,0,0,"['D0003', 'D0002']"
IPTV,VB,ORRE_2_OKEY,PRDI_2_OKEY,LORD_2_OKEY,NONE_NONE_NONE,NONE_NONE_NONE,NONE_NONE_NONE,NONE_NONE_NONE,NONE_NONE_NONE,NONE_NONE_NONE,NONE_NONE_NONE,NONE_NONE_NONE,NONE_NONE_NONE,LIDA_ST-LMEN_MENE0005,8,20272AS6481059N,18085FJ0677209N,8,VB,VB,8,0,0,['S0005']
INTERNET,OA,ORRE_2_OKEY,PRDI_2_OKEY,LORD_2_OKEY,PHRD_2_OKEY,RECO_0_OKEY,WODI_6_OKEY,NONE_NONE_NONE,NONE_NONE_NONE,NONE_NONE_NONE,NONE_NONE_NONE,NONE_NONE_NONE,NONE_NONE_NONE,LIDA_ST,8,20262H93513529N,201079U4639929N,8,OA,OA,8,2,2,"['N006', 'N007']"
PSTN,B1,ORRE_2_OKEY,PRDI_2_OKEY,LORD_2_OKEY,PHRD_2_OKEY,RECO_0_OKEY,WODI_6_OKEY,NONE_NONE_NONE,NONE_NONE_NONE,NONE_NONE_NONE,NONE_NONE_NONE,NONE_NONE_NONE,NONE_NONE_NONE,NONE,8,20262EY53528291,20259ER53500791,8,B1,B1,8,2,2,"['N006', 'N007']"
IPTV,V1,ORRE_2_OKEY,PRDI_2_OKEY,LORD_2_OKEY,NONE_NONE_NONE,NONE_NONE_NONE,NONE_NONE_NONE,NONE_NONE_NONE,NONE_NONE_NONE,NONE_NONE_NONE,NONE_NONE_NONE,MAUP_3_MAUP998,NONE_NONE_NONE,LIDA_ST-LMEN_ST,8,20260H93404229N,20260EH2165029N,8,V1,V1,8,1,1,['E0001']
SOIP,S2,ORRE_2_OKEY,PRDI_2_OKEY,LORD_2_OKEY,NONE_NONE_NONE,NONE_NONE_NONE,NONE_NONE_NONE,NONE_NONE_NONE,NONE_NONE_NONE,NONE_NONE_NONE,NONE_NONE_NONE,MAUP_2_OKEY,ORCN_2_OKEY,LIDA_ST,8,202719H1017589N,202429N0081409N,8,S2,S2,8,0,0,['N001']
IPTV,VE,ORRE_2_OKEY,PRDI_0_OKEY,NONE_NONE_NONE,NONE_NONE_NONE,NONE_NONE_NONE,NONE_NONE_NONE,NONE_NONE_NONE,NONE_NONE_NONE,NONE_NONE_NONE,NONE_NONE_NONE,NONE_NONE_NONE,NONE_NONE_NONE,LIDA_ST,8,20262GE350826AN,19261AO075995AN,8,VE,VE,8,1,1,['N010']
PSTN,B1,ORRE_2_OKEY,PRDI_2_OKEY,LORD_2_OKEY,PHRD_2_OKEY,RECO_0_OKEY,WODI_2_OKEY,NONE_NONE_NONE,NONE_NONE_NONE,NONE_NONE_NONE,NONE_NONE_NONE,NONE_NONE_NONE,NONE_NONE_NONE,NONE,9,20260HT53510591,19332BC54706991,9,B1,B1,9,1,1,['N006']
SOIP,S2,ORRE_2_OKEY,PRDI_2_OKEY,LORD_2_OKEY,NONE_NONE_NONE,NONE_NONE_NONE,NONE_NONE_NONE,NONE_NONE_NONE,NONE_NONE_NONE,NONE_NONE_NONE,NONE_NONE_NONE,MAUP_3_MAUP608,NONE_NONE_NONE,LIDA_ST,9,202559G3096799N,202429F0076419N,9,S2,S2,9,1,1,['E0001']
INTERNET,X1,ORRE_2_OKEY,PRDI_0_OKEY,NONE_NONE_NONE,NONE_NONE_NONE,NONE_NONE_NONE,NONE_NONE_NONE,NONE_NONE_NONE,NONE_NONE_NONE,NONE_NONE_NONE,NONE_NONE_NONE,NONE_NONE_NONE,NONE_NONE_NONE,LIDA_ST,10,20260IE3413129N,20260EH2048909N,10,X1,X1,10,1,1,['N010']
PSTN,B1,ORRE_2_OKEY,PRDI_2_OKEY,LORD_2_OKEY,PHRD_3_PHRD011,NONE_NONE_NONE,NONE_NONE_NONE,NONE_NONE_NONE,NONE_NONE_NONE,NONE_NONE_NONE,NONE_NONE_NONE,NONE_NONE_NONE,NONE_NONE_NONE,NONE,10,20258DW26267391,20258DW26266491,10,B1,B1,10,1,1,['E0005']
INTERNET,XHXG,ORRE_2_OKEY-ORRE_2_OKEY,PRDI_0_OKEY-PRDI_0_OKEY,NONE_NONE_NONE,NONE_NONE_NONE,NONE_NONE_NONE,NONE_NONE_NONE,NONE_NONE_NONE,NONE_NONE_NONE,NONE_NONE_NONE,NONE_NONE_NONE,NONE_NONE_NONE,NONE_NONE_NONE,NONE,10,20262AK347493AN,20245GB941448AN,10,XHXG,XHXG,10,2,2,['N010']
INTERNET,O1,ORRE_2_OKEY,PRDI_2_OKEY,LORD_2_OKEY,NONE_NONE_NONE,NONE_NONE_NONE,NONE_NONE_NONE,REAC_6_OKEY,NONE_NONE_NONE,NONE_NONE_NONE,NONE_NONE_NONE,NONE_NONE_NONE,NONE_NONE_NONE,LIDA_ST,10,20260HA3404589N,20260EH2102449N,10,O1,O1,10,1,1,['N005']
IPTV,VA,ORRE_2_OKEY,PRDI_2_OKEY,LORD_2_OKEY,NONE_NONE_NONE,NONE_NONE_NONE,WODI_2_OKEY,REAC_2_OKEY,NONE_NONE_NONE,NONE_NONE_NONE,FUCO_2_OKEY,MAUP_3_MAUP534,NONE_NONE_NONE,LIDA_ST-LMEN_ST,10,20233FI0615419N,20023BO9527309N,10,VA,VA,10,1,1,['E0001']
IPTV,VE,ORRE_2_OKEY,PRDI_2_OKEY,LORD_2_OKEY,NONE_NONE_NONE,NONE_NONE_NONE,WODI_6_OKEY,REAC_2_OKEY,NONE_NONE_NONE,NONE_NONE_NONE,FUCO_0_OKEY,NONE_NONE_NONE,NONE_NONE_NONE,LIDA_ST-LMEN_MENE0005,11,20262GB350818AN,20254EI155219AN,11,VE,VE,11,2,2,"['N007', 'N003']"
INTERNET,OA,ORRE_2_OKEY,PRDI_2_OKEY,LORD_2_OKEY,PHRD_2_OKEY,RECO_2_OKEY,WODI_2_OKEY,REAC_2_OKEY,NONE_NONE_NONE,NONE_NONE_NONE,FUCO_2_OKEY,MAUP_2_OKEY,ORCN_2_OKEY,LIDA_ST,13,20262EV3486969N,20111DT8826859N,13,OA,OA,13,0,0,['N001']
IOT,U2,ORRE_2_OKEY,PRDI_0_OKEY,NONE_NONE_NONE,NONE_NONE_NONE,NONE_NONE_NONE,NONE_NONE_NONE,NONE_NONE_NONE,NONE_NONE_NONE,NONE_NONE_NONE,NONE_NONE_NONE,NONE_NONE_NONE,NONE_NONE_NONE,LIDA_ST,13,20270K14884389N,20244K15982549N,13,U2,U2,13,1,1,['N010']
INTERNET,OF,ORRE_2_OKEY,PRDI_0_OKEY,NONE_NONE_NONE,NONE_NONE_NONE,NONE_NONE_NONE,NONE_NONE_NONE,NONE_NONE_NONE,NONE_NONE_NONE,NONE_NONE_NONE,NONE_NONE_NONE,NONE_NONE_NONE,NONE_NONE_NONE,LIDA_ST,13,20268FJ3242759N,202469L3169899N,13,OF,OF,13,1,1,['N010']
SOIP,SA,ORRE_2_OKEY,NONE_NONE_NONE,NONE_NONE_NONE,NONE_NONE_NONE,NONE_NONE_NONE,NONE_NONE_NONE,NONE_NONE_NONE,NONE_NONE_NONE,NONE_NONE_NONE,NONE_NONE_NONE,NONE_NONE_NONE,NONE_NONE_NONE,LBCS_ST-LNOD_ST,14,20267EU5958049N,20267EF5955259N,14,SA,SA,14,0,0,['D0002']
SOIP,SI,ORRE_2_OKEY,PRDI_2_OKEY,LORD_2_OKEY,NONE_NONE_NONE,NONE_NONE_NONE,NONE_NONE_NONE,NONE_NONE_NONE,NONE_NONE_NONE,NONE_NONE_NONE,NONE_NONE_NONE,NONE_NONE_NONE,NONE_NONE_NONE,LBCS_ST-LNOD_ST,14,20262DR3484739N,20244B35872119N,14,SI,SI,14,0,0,['S0001']
SOIP,S2,ORRE_2_OKEY,PRDI_2_OKEY,LORD_2_OKEY,NONE_NONE_NONE,NONE_NONE_NONE,NONE_NONE_NONE,NONE_NONE_NONE,NONE_NONE_NONE,NONE_NONE_NONE,NONE_NONE_NONE,MAUP_3_MAUP608,NONE_NONE_NONE,LBCS_ST-LNOD_CP,14,202639B3522239N,20263913519079N,14,S2,S2,14,1,1,['E0001']
INTERNET,XI,ORRE_2_OKEY,PRDI_0_OKEY,NONE_NONE_NONE,NONE_NONE_NONE,NONE_NONE_NONE,NONE_NONE_NONE,NONE_NONE_NONE,NONE_NONE_NONE,NONE_NONE_NONE,NONE_NONE_NONE,NONE_NONE_NONE,NONE_NONE_NONE,LIDA_ST,15,20269IJ5129639N,20258EM3148889N,15,XI,XI,15,1,1,['N010']
IPTV,VI,ORRE_2_OKEY,PRDI_2_OKEY,LORD_3_LORD700,NONE_NONE_NONE,NONE_NONE_NONE,NONE_NONE_NONE,NONE_NONE_NONE,NONE_NONE_NONE,NONE_NONE_NONE,NONE_NONE_NONE,NONE_NONE_NONE,NONE_NONE_NONE,LIDA_ST-LMEN_MENE0005,17,20266EX2301539N,20260FE3385659N,17,VI,VI,17,1,1,['E0006']
SOIP,S2,ORRE_2_OKEY,PRDI_2_OKEY,LORD_2_OKEY,NONE_NONE_NONE,NONE_NONE_NONE,NONE_NONE_NONE,NONE_NONE_NONE,NONE_NONE_NONE,NONE_NONE_NONE,NONE_NONE_NONE,MAUP_3_MAUP606,NONE_NONE_NONE,LBCS_ST-LNOD_CP,18,202699O5121179N,202699E5114999N,18,S2,S2,18,1,1,['E0001']
INTERNET,OA,ORRE_2_OKEY,PRDI_2_OKEY,LORD_3_LORD075,NONE_NONE_NONE,NONE_NONE_NONE,NONE_NONE_NONE,NONE_NONE_NONE,NONE_NONE_NONE,NONE_NONE_NONE,NONE_NONE_NONE,NONE_NONE_NONE,NONE_NONE_NONE,LIDA_ST,18,20245HFS4535890,20206FPS4531190,18,OA,OA,18,1,1,['E0006']
IPTV,VF,ORRE_2_OKEY,PRDI_0_OKEY,NONE_NONE_NONE,NONE_NONE_NONE,NONE_NONE_NONE,NONE_NONE_NONE,NONE_NONE_NONE,NONE_NONE_NONE,NONE_NONE_NONE,NONE_NONE_NONE,NONE_NONE_NONE,NONE_NONE_NONE,LIDA_ST,19,20262GE3508269N,20246H73185099N,19,VF,VF,19,1,1,['N010']
WIBRO,WB,ORRE_2_OKEY,NONE_NONE_NONE,NONE_NONE_NONE,NONE_NONE_NONE,NONE_NONE_NONE,NONE_NONE_NONE,NONE_NONE_NONE,NONE_NONE_NONE,NONE_NONE_NONE,NONE_NONE_NONE,NONE_NONE_NONE,NONE_NONE_NONE,LIDA_ST,20,20268M13245619N,20249M13511609N,20,WB,WB,20,0,0,['NONE']
SOIP,S2,ORRE_2_OKEY,PRDI_0_OKEY,NONE_NONE_NONE,NONE_NONE_NONE,NONE_NONE_NONE,NONE_NONE_NONE,NONE_NONE_NONE,NONE_NONE_NONE,NONE_NONE_NONE,NONE_NONE_NONE,NONE_NONE_NONE,NONE_NONE_NONE,LBCS_ST-LNOD_CP,21,20269975111649N,202489A9442309N,21,S2,S2,21,1,1,['N010']
SOIP,SI,ORRE_2_OKEY,PRDI_2_OKEY,LORD_2_OKEY,NONE_NONE_NONE,NONE_NONE_NONE,NONE_NONE_NONE,NONE_NONE_NONE,NONE_NONE_NONE,NONE_NONE_NONE,NONE_NONE_NONE,NONE_NONE_NONE,NONE_NONE_NONE,LIDA_ST,22,20261MX3457729N,20155BJ4622419N,22,SI,SI,22,0,0,['S0003']
INTERNET,OA,ORRE_2_OKEY,PRDI_2_OKEY,LORD_3_LORD033,NONE_NONE_NONE,NONE_NONE_NONE,NONE_NONE_NONE,NONE_NONE_NONE,NONE_NONE_NONE,NONE_NONE_NONE,NONE_NONE_NONE,NONE_NONE_NONE,NONE_NONE_NONE,LIDA_ST,23,20262GR3511409N,20246BX3171639N,23,OA,OA,23,1,1,['E0006']
INTERNET,OA,ORRE_2_OKEY,PRDI_0_OKEY,NONE_NONE_NONE,NONE_NONE_NONE,NONE_NONE_NONE,NONE_NONE_NONE,NONE_NONE_NONE,NONE_NONE_NONE,NONE_NONE_NONE,NONE_NONE_NONE,NONE_NONE_NONE,NONE_NONE_NONE,LIDA_ST,24,20262DR3484789N,20203HAS4530790,24,OA,OA,24,1,1,['N010']
INTERNET,OA,ORRE_2_OKEY,PRDI_2_OKEY,LORD_2_OKEY,PHRD_3_PHRD012,NONE_NONE_NONE,NONE_NONE_NONE,NONE_NONE_NONE,NONE_NONE_NONE,NONE_NONE_NONE,NONE_NONE_NONE,NONE_NONE_NONE,NONE_NONE_NONE,LIDA_ST,24,20268HD1853609N,20225AOS4531790,24,OA,OA,24,1,1,['E0005']
IOT,UC,ORRE_2_OKEY,PRDI_0_OKEY,NONE_NONE_NONE,NONE_NONE_NONE,NONE_NONE_NONE,NONE_NONE_NONE,NONE_NONE_NONE,NONE_NONE_NONE,NONE_NONE_NONE,NONE_NONE_NONE,NONE_NONE_NONE,NONE_NONE_NONE,LIDA_ST,24,20266JD2302239N,202467H3160019N,24,UC,UC,24,1,1,['N010']
IOT,UA,ORRE_2_OKEY,PRDI_2_OKEY,LORD_2_OKEY,NONE_NONE_NONE,NONE_NONE_NONE,WODI_6_OKEY,NONE_NONE_NONE,NONE_NONE_NONE,NONE_NONE_NONE,FUCO_0_OKEY,NONE_NONE_NONE,NONE_NONE_NONE,LIDA_ST,25,20267BO5937089N,19150EP9469599N,25,UA,UA,25,2,2,"['S0003', 'N007', 'N003']"
IPTV,VI,ORRE_2_OKEY,PRDI_2_OKEY,LORD_2_OKEY,NONE_NONE_NONE,NONE_NONE_NONE,NONE_NONE_NONE,NONE_NONE_NONE,NONE_NONE_NONE,NONE_NONE_NONE,NONE_NONE_NONE,NONE_NONE_NONE,NONE_NONE_NONE,LIDA_ST-LMEN_MENE0005,25,20269GD5125739N,20247BM6202899N,25,VI,VI,25,0,0,['S0005']
SOIP,S1,ORRE_2_OKEY,PRDI_0_OKEY,NONE_NONE_NONE,NONE_NONE_NONE,NONE_NONE_NONE,NONE_NONE_NONE,NONE_NONE_NONE,NONE_NONE_NONE,NONE_NONE_NONE,NONE_NONE_NONE,NONE_NONE_NONE,NONE_NONE_NONE,LBCS_ST,26,20260IC3413049N,202456Q9220039N,26,S1,S1,26,1,1,['N010']
SOIP,SI,ORRE_2_OKEY,PRDI_2_OKEY,LORD_2_OKEY,NONE_NONE_NONE,NONE_NONE_NONE,NONE_NONE_NONE,NONE_NONE_NONE,NONE_NONE_NONE,NONE_NONE_NONE,NONE_NONE_NONE,NONE_NONE_NONE,NONE_NONE_NONE,LBCS_ST,30,20268EP5969189N,20244DL5874349N,30,SI,SI,30,0,0,['S0004']
SOIP,SI,ORRE_2_OKEY,PRDI_0_OKEY,NONE_NONE_NONE,NONE_NONE_NONE,NONE_NONE_NONE,NONE_NONE_NONE,NONE_NONE_NONE,NONE_NONE_NONE,NONE_NONE_NONE,NONE_NONE_NONE,NONE_NONE_NONE,NONE_NONE_NONE,LIDA_ST,31,20262EB3486049N,20247AI6202489N,31,SI,SI,31,1,1,['N010']
IPTV,VB,ORRE_2_OKEY,PRDI_0_OKEY,NONE_NONE_NONE,NONE_NONE_NONE,NONE_NONE_NONE,NONE_NONE_NONE,NONE_NONE_NONE,NONE_NONE_NONE,NONE_NONE_NONE,NONE_NONE_NONE,NONE_NONE_NONE,NONE_NONE_NONE,LIDA_ST,32,20262GO3508499N,20246GR3184739N,32,VB,VB,32,1,1,['N010']
SOIP,S1,ORRE_2_OKEY,PRDI_0_OKEY,NONE_NONE_NONE,NONE_NONE_NONE,NONE_NONE_NONE,NONE_NONE_NONE,NONE_NONE_NONE,NONE_NONE_NONE,NONE_NONE_NONE,NONE_NONE_NONE,NONE_NONE_NONE,NONE_NONE_NONE,LIDA_ST,33,20260IF3413279N,20244GV5981729N,33,S1,S1,33,1,1,['N010']
SOIP,SA,ORRE_2_OKEY,PRDI_2_OKEY,LORD_2_OKEY,NONE_NONE_NONE,NONE_NONE_NONE,NONE_NONE_NONE,NONE_NONE_NONE,NONE_NONE_NONE,NONE_NONE_NONE,NONE_NONE_NONE,NONE_NONE_NONE,NONE_NONE_NONE,LBCS_ST-LNOD_ST,36,20267EU5958149N,202540S5900709N,36,SA,SA,36,0,0,['S0001']
SOIP,SA,ORRE_2_OKEY,PRDI_2_OKEY,LORD_2_OKEY,NONE_NONE_NONE,NONE_NONE_NONE,NONE_NONE_NONE,REAC_2_OKEY,NONE_NONE_NONE,NONE_NONE_NONE,NONE_NONE_NONE,MAUP_3_MAUP904,NONE_NONE_NONE,LIDA_ST,46,20272B86481089N,20244EC5876439N,46,SA,SA,46,1,1,['E0001']
IPTV,VA,ORRE_2_OKEY,PRDI_2_OKEY,LORD_2_OKEY,NONE_NONE_NONE,NONE_NONE_NONE,WODI_6_OKEY,REAC_2_OKEY,NONE_NONE_NONE,NONE_NONE_NONE,FUCO_0_OKEY,NONE_NONE_NONE,NONE_NONE_NONE,LIDA_ST-LMEN_ST,50,20262HE3513619N,20244G45981389N,50,VA,VA,50,2,2,"['N007', 'N003']"
SOIP,S2,ORRE_2_OKEY,PRDI_0_OKEY,NONE_NONE_NONE,NONE_NONE_NONE,NONE_NONE_NONE,NONE_NONE_NONE,NONE_NONE_NONE,NONE_NONE_NONE,NONE_NONE_NONE,NONE_NONE_NONE,NONE_NONE_NONE,NONE_NONE_NONE,LIDA_ST,56,202729G6476729N,20243932680979N,56,S2,S2,56,1,1,['N010']
IPTV,VA,ORRE_2_OKEY,PRDI_0_OKEY,NONE_NONE_NONE,NONE_NONE_NONE,NONE_NONE_NONE,NONE_NONE_NONE,NONE_NONE_NONE,NONE_NONE_NONE,NONE_NONE_NONE,NONE_NONE_NONE,NONE_NONE_NONE,NONE_NONE_NONE,LIDA_ST,62,20262H43513519N,200105D1090869N,62,VA,VA,62,1,1,['N010']
SOIP,SI,ORRE_2_OKEY,PRDI_2_OKEY,LORD_3_LORD700,NONE_NONE_NONE,NONE_NONE_NONE,NONE_NONE_NONE,NONE_NONE_NONE,NONE_NONE_NONE,NONE_NONE_NONE,NONE_NONE_NONE,NONE_NONE_NONE,NONE_NONE_NONE,LIDA_ST,65,20266DO5948849N,20244HT5877079N,65,SI,SI,65,1,1,['E0006']
SOIP,SI,ORRE_2_OKEY,PRDI_0_OKEY,NONE_NONE_NONE,NONE_NONE_NONE,NONE_NONE_NONE,NONE_NONE_NONE,NONE_NONE_NONE,NONE_NONE_NONE,NONE_NONE_NONE,NONE_NONE_NONE,NONE_NONE_NONE,NONE_NONE_NONE,LBCS_ST,67,20269EJ5122819N,20247DG6203299N,67,SI,SI,67,1,1,['N010']
SOIP,S2,ORRE_2_OKEY,PRDI_0_OKEY,NONE_NONE_NONE,NONE_NONE_NONE,NONE_NONE_NONE,NONE_NONE_NONE,NONE_NONE_NONE,NONE_NONE_NONE,NONE_NONE_NONE,NONE_NONE_NONE,NONE_NONE_NONE,NONE_NONE_NONE,LBCS_ST,69,202709J4882009N,20246923160489N,69,S2,S2,69,1,1,['N010']
IOT,UA,ORRE_2_OKEY,PRDI_0_OKEY,NONE_NONE_NONE,NONE_NONE_NONE,NONE_NONE_NONE,NONE_NONE_NONE,NONE_NONE_NONE,NONE_NONE_NONE,NONE_NONE_NONE,NONE_NONE_NONE,NONE_NONE_NONE,NONE_NONE_NONE,LIDA_ST,70,20269FG1140309N,20189GW8967599N,70,UA,UA,70,1,1,['N010']
SOIP,SI,ORRE_2_OKEY,PRDI_2_OKEY,LORD_3_LORD700,NONE_NONE_NONE,NONE_NONE_NONE,NONE_NONE_NONE,NONE_NONE_NONE,NONE_NONE_NONE,NONE_NONE_NONE,NONE_NONE_NONE,NONE_NONE_NONE,NONE_NONE_NONE,LBCS_ST,74,202699C5974589N,20244DA5874299N,74,SI,SI,74,1,1,['E0006']
IOT,U1,ORRE_2_OKEY,PRDI_0_OKEY,NONE_NONE_NONE,NONE_NONE_NONE,NONE_NONE_NONE,NONE_NONE_NONE,NONE_NONE_NONE,NONE_NONE_NONE,NONE_NONE_NONE,NONE_NONE_NONE,NONE_NONE_NONE,NONE_NONE_NONE,LIDA_ST,86,20267EE2314829N,202445T5970019N,86,U1,U1,86,1,1,['N010']
SOIP,SA,ORRE_2_OKEY,PRDI_2_OKEY,LORD_3_LORD997,NONE_NONE_NONE,NONE_NONE_NONE,NONE_NONE_NONE,NONE_NONE_NONE,NONE_NONE_NONE,NONE_NONE_NONE,NONE_NONE_NONE,NONE_NONE_NONE,NONE_NONE_NONE,LBCS_ST-LNOD_ST,93,20267EU5958219N,202540S5900349N,93,SA,SA,93,1,1,['E0006']
INTERNET,O1,ORRE_2_OKEY,PRDI_2_OKEY,LORD_3_LORD091,NONE_NONE_NONE,NONE_NONE_NONE,NONE_NONE_NONE,NONE_NONE_NONE,NONE_NONE_NONE,NONE_NONE_NONE,NONE_NONE_NONE,NONE_NONE_NONE,NONE_NONE_NONE,LIDA_ST,98,20260HH3408099N,20246DSS4536490,98,O1,O1,98,1,1,['E0006']
SOIP,SB,ORRE_2_OKEY,PRDI_2_OKEY,LORD_3_LORD700,NONE_NONE_NONE,NONE_NONE_NONE,NONE_NONE_NONE,NONE_NONE_NONE,NONE_NONE_NONE,NONE_NONE_NONE,NONE_NONE_NONE,NONE_NONE_NONE,NONE_NONE_NONE,LBCS_CP-LNOD_CP,99,202479R5888339N,202479R5887359N,99,SB,SB,99,1,1,['E0006']
SOIP,SA,ORRE_2_OKEY,PRDI_2_OKEY,LORD_2_OKEY,NONE_NONE_NONE,NONE_NONE_NONE,NONE_NONE_NONE,REAC_2_OKEY,NONE_NONE_NONE,NONE_NONE_NONE,NONE_NONE_NONE,MAUP_2_OKEY,ORCN_2_OKEY,LBCS_CP-LNOD_CP,100,20246DR5884189N,202469Y5882659N,100,SA,SA,100,0,0,['N001']
SOIP,SB,ORRE_2_OKEY,PRDI_2_OKEY,LORD_3_LORD700,NONE_NONE_NONE,NONE_NONE_NONE,NONE_NONE_NONE,NONE_NONE_NONE,NONE_NONE_NONE,NONE_NONE_NONE,NONE_NONE_NONE,NONE_NONE_NONE,NONE_NONE_NONE,LBCS_ST,103,20262IB3514039N,202563R5908029N,103,SB,SB,103,1,1,['E0006']
SOIP,SB,ORRE_2_OKEY,PRDI_0_OKEY,NONE_NONE_NONE,NONE_NONE_NONE,NONE_NONE_NONE,NONE_NONE_NONE,NONE_NONE_NONE,NONE_NONE_NONE,NONE_NONE_NONE,NONE_NONE_NONE,NONE_NONE_NONE,NONE_NONE_NONE,LBCS_ST,107,20272AD6481019N,20242K22076819N,107,SB,SB,107,1,1,['N010']
INTERNET,OB,ORRE_2_OKEY,PRDI_2_OKEY,LORD_3_LORD035,NONE_NONE_NONE,NONE_NONE_NONE,NONE_NONE_NONE,NONE_NONE_NONE,NONE_NONE_NONE,NONE_NONE_NONE,NONE_NONE_NONE,NONE_NONE_NONE,NONE_NONE_NONE,LIDA_ST,128,20272AV6481079N,20256403104369N,128,OB,OB,128,1,1,['E0006']
SOIP,SA,ORRE_2_OKEY,PRDI_2_OKEY,LORD_2_OKEY,NONE_NONE_NONE,NONE_NONE_NONE,WODI_6_OKEY,REAC_2_OKEY,NONE_NONE_NONE,NONE_NONE_NONE,FUCO_0_OKEY,NONE_NONE_NONE,NONE_NONE_NONE,LBCS_ST,131,20262ID3514079N,19360GK4003719N,131,SA,SA,131,2,2,"['N007', 'N003']"
IPTV,V1,ORRE_2_OKEY,PRDI_2_OKEY,LORD_2_OKEY,NONE_NONE_NONE,NONE_NONE_NONE,NONE_NONE_NONE,NONE_NONE_NONE,NONE_NONE_NONE,NONE_NONE_NONE,NONE_NONE_NONE,NONE_NONE_NONE,NONE_NONE_NONE,LIDA_ST-LMEN_MENE0005,134,20260HG3408059N,20258GT3151289N,134,V1,V1,134,0,0,['S0005']
IPTV,VI,ORRE_2_OKEY,PRDI_0_OKEY,NONE_NONE_NONE,NONE_NONE_NONE,NONE_NONE_NONE,NONE_NONE_NONE,NONE_NONE_NONE,NONE_NONE_NONE,NONE_NONE_NONE,NONE_NONE_NONE,NONE_NONE_NONE,NONE_NONE_NONE,LIDA_ST,195,20269GP5125929N,20245B49412509N,195,VI,VI,195,1,1,['N010']
SOIP,SB,ORRE_2_OKEY,PRDI_0_OKEY,NONE_NONE_NONE,NONE_NONE_NONE,NONE_NONE_NONE,NONE_NONE_NONE,NONE_NONE_NONE,NONE_NONE_NONE,NONE_NONE_NONE,NONE_NONE_NONE,NONE_NONE_NONE,NONE_NONE_NONE,LBCS_ST-LNOD_ST,198,20261BF3437099N,20259ET3170219N,198,SB,SB,198,1,1,['N010']
SOIP,SI,ORRE_2_OKEY,PRDI_2_OKEY,LORD_3_LORD700,NONE_NONE_NONE,NONE_NONE_NONE,NONE_NONE_NONE,NONE_NONE_NONE,NONE_NONE_NONE,NONE_NONE_NONE,NONE_NONE_NONE,NONE_NONE_NONE,NONE_NONE_NONE,LBCS_CP-LNOD_CP,198,20246GK5886489N,20246FL5884389N,198,SI,SI,198,1,1,['E0006']
SOIP,SB,ORRE_2_OKEY,PRDI_2_OKEY,LORD_2_OKEY,NONE_NONE_NONE,NONE_NONE_NONE,NONE_NONE_NONE,NONE_NONE_NONE,NONE_NONE_NONE,NONE_NONE_NONE,NONE_NONE_NONE,NONE_NONE_NONE,NONE_NONE_NONE,LBCS_ST-LNOD_ST,236,20268G85971329N,20260GR3397519N,236,SB,SB,236,0,0,['S0001']
SOIP,SA,ORRE_2_OKEY,PRDI_0_OKEY,NONE_NONE_NONE,NONE_NONE_NONE,NONE_NONE_NONE,NONE_NONE_NONE,NONE_NONE_NONE,NONE_NONE_NONE,NONE_NONE_NONE,NONE_NONE_NONE,NONE_NONE_NONE,NONE_NONE_NONE,LBCS_ST,273,20268EM9859179N,20223G25751949N,273,SA,SA,273,1,1,['N010']
INTERNET,OB,ORRE_2_OKEY,PRDI_0_OKEY,NONE_NONE_NONE,NONE_NONE_NONE,NONE_NONE_NONE,NONE_NONE_NONE,NONE_NONE_NONE,NONE_NONE_NONE,NONE_NONE_NONE,NONE_NONE_NONE,NONE_NONE_NONE,NONE_NONE_NONE,LIDA_ST,336,20263423518969N,20237GDS4532490,336,OB,OB,336,1,1,['N010']
SOIP,SI,ORRE_2_OKEY,PRDI_2_OKEY,LORD_3_LORD700,NONE_NONE_NONE,NONE_NONE_NONE,NONE_NONE_NONE,NONE_NONE_NONE,NONE_NONE_NONE,NONE_NONE_NONE,NONE_NONE_NONE,NONE_NONE_NONE,NONE_NONE_NONE,LBCS_ST-LNOD_ST,431,20268HR5973659N,20244BE5873189N,431,SI,SI,431,1,1,['E0006']
INTERNET,O1,ORRE_2_OKEY,PRDI_0_OKEY,NONE_NONE_NONE,NONE_NONE_NONE,NONE_NONE_NONE,NONE_NONE_NONE,NONE_NONE_NONE,NONE_NONE_NONE,NONE_NONE_NONE,NONE_NONE_NONE,NONE_NONE_NONE,NONE_NONE_NONE,LIDA_ST,507,20267ED2314819N,20244GV5981709N,507,O1,O1,507,1,1,['N010']
SOIP,SA,ORRE_2_OKEY,PRDI_0_OKEY,NONE_NONE_NONE,NONE_NONE_NONE,NONE_NONE_NONE,NONE_NONE_NONE,NONE_NONE_NONE,NONE_NONE_NONE,NONE_NONE_NONE,NONE_NONE_NONE,NONE_NONE_NONE,NONE_NONE_NONE,LBCS_ST-LNOD_ST,784,20272AD6481019N,20238FF4468919N,784,SA,SA,784,1,1,['N010']
IPTV,V1,ORRE_2_OKEY,PRDI_0_OKEY,NONE_NONE_NONE,NONE_NONE_NONE,NONE_NONE_NONE,NONE_NONE_NONE,NONE_NONE_NONE,NONE_NONE_NONE,NONE_NONE_NONE,NONE_NONE_NONE,NONE_NONE_NONE,NONE_NONE_NONE,LIDA_ST,896,20262G13507909N,20246HD3185219N,896,V1,V1,896,1,1,['N010']
SOIP,SB,ORRE_2_OKEY,PRDI_2_OKEY,LORD_3_LORD700,NONE_NONE_NONE,NONE_NONE_NONE,NONE_NONE_NONE,NONE_NONE_NONE,NONE_NONE_NONE,NONE_NONE_NONE,NONE_NONE_NONE,NONE_NONE_NONE,NONE_NONE_NONE,LBCS_ST-LNOD_ST,1161,20268G85970699N,20245HA5881349N,1161,SB,SB,1161,1,1,['E0006']
SOIP,SA,ORRE_2_OKEY,PRDI_2_OKEY,LORD_2_OKEY,NONE_NONE_NONE,NONE_NONE_NONE,NONE_NONE_NONE,REAC_2_OKEY,NONE_NONE_NONE,NONE_NONE_NONE,NONE_NONE_NONE,NONE_NONE_NONE,NONE_NONE_NONE,LBCS_ST-LNOD_ST,1911,20268GH5972379N,20231GT7544269N,1911,SA,SA,1911,0,0,['S0001']
